simbad_id,source_id,Leiner+2022_class,Metallicity_class,P_orb,P_orb_err,ecc,ecc_err,K1,K1_err,K2,K2_err,orb_class,M2_min (M1=1.0Msun),M2_min (M1=1.1Msun),M2_min (M1=1.2Msun),M2_min (M1=1.3Msun),M2_min (M1=1.4Msun),M2_min (M1=1.5Msun)
29 Dra,1655646778064790528,Cut,SSG,881.50906,6.733047,0.105962,0.009872,,,,,orbital,0.375642002,0.398186833,0.420029312,0.441247731,0.461906403,0.482058913
2MASS J08171221+0736164,3097200805201566720,RS CVn,RS CVn,55.44706212,0.048523441,0.050070119,0.022124339,14.28290686,0.370544761,,,SB1,0.2832806,0.3007234,0.31762603,0.33404872,0.35004085,0.36564365
2MASS J17270871+2700144,4571134418985782912,RS CVn,SSG,31.06069811,0.021888163,0.348630143,0.036563791,10.71976833,0.502271891,,,SB1,0.15679938,0.1667647,0.1764254,0.18581527,0.19496207,0.20388892
54 Cam,1081565094046074624,RS CVn,RS CVn,11.070121,9.50E-05,0.080484,0.001178,61.885156,0.159098,59.535235,0.116256,SB2,1.039471096,1.143418206,1.247365316,1.351312425,1.455259535,1.559206645
ASAS J210323+1930.9,1789396148472412288,RS CVn,SSG,10.4411,0.0648,0,0.0066,28.866,0.346,,,SB1,0.33517742,0.35552526,0.37524056,0.39439395,0.4130433,0.43123683
BD+ 20 307,97294345128598656,,,3.4202,0.0007,0,0,43.2,0.18,46.39,0.18,SB2,0.93123518,1.024358698,1.117482216,1.210605734,1.303729252,1.39685277
BG Psc,96624703892236544,,,25.366,0.01,0.508,0.007,30.32,0.22,30.03,0.28,SB2,1.00965701,1.110622711,1.211588412,1.312554113,1.413519814,1.514485514
BM CVn,1476446929861764992,Cut,RS CVn,20.6252,0.0018,0,0,11.71,0.21,,,SB1,0.159601063,0.169737861,0.179564685,0.189115927,0.198419839,0.207499966
BPS CS 22950-0027,6876368298759473024,SSG,SSG,11.7364,0.1499,0.0084,0.0106,26.006,0.157,,,SB1,0.3110646,0.33007476,0.348495,0.3663911,0.383817,0.40081772
CG Tri,326753999413912192,RS CVn,SSG,3.1147,0.0492,0.0621,0.0152,39.033,0.572,,,Asymmetric,0.29796243,0.3162369,0.33394486,0.3511494,0.36790237,0.384247
CH Tri,131038391345067520,,,3.757647078,0.000128218,0.01056926,0.01600273,20.50895888,0.307206899,,,SB1,0.15838276,0.16844502,0.17819963,0.18768074,0.19691636,0.20592988
EZ Peg,2844189676273462400,RS CVn,SSG,11.66,0,0,0,24.5,0,24.3,0,SB2,1.008230453,1.109053498,1.209876543,1.310699588,1.411522634,1.512345679
FN Com,3947234928261838720,SSG,SSG,5.6661,0.0353,0.0665,0.0062,43.736,0.265,,,Asymmetric,0.42840168,0.4537208,0.47824946,0.50207573,0.52527195,0.5478984
FR Boo,1257818251087117312,Cut,RS CVn,1189.18,0.17,0.871,0.003,10.27,0.15,,,SB1,0.277795523,0.2949256,0.311525434,0.327654123,0.343360215,0.358684063
FV Cnc,660225916090501376,,,2.982094,8.00E-05,0.046977,0.015433,40.850395,0.706845,45.560473,0.838181,SB2,0.896619203,0.986281124,1.075943044,1.165604964,1.255266885,1.344928805
GSC 00563-00384,2703947135653093632,RS CVn,SSG,30.9778,1.7557,0.0144,0.0799,14.434,0.132,,,SB1,0.23143186,0.24587601,0.25987497,0.2734783,0.28672665,0.29965392
HD 113714,3737715187928620032,RS CVn,RS CVn,3.6806,0,0,0,76.9,0.4,,,SB1,0.732816279,0.7721861,0.810335279,0.847396851,0.883480847,0.918679237
HD 161570,1349329916673137024,RS CVn,RS CVn,45.62336809,0.002789126,0.001945907,0.002867893,23.40395315,0.061466247,,,SB1,0.4674445,0.4947508,0.52120376,0.5468985,0.5719129,0.59631205
HD 57267,871136882231721600,RS CVn,RS CVn,36.216,0.0006,0,0,42.79,0.45,,,SB1,0.939618587,0.986780107,1.032509923,1.07695961,1.120255113,1.162502527
HR Psc,292071455599507456,SSG,SSG,3.9324,0.0173,0.0601,0.0073,21.485,0.665,,,Asymmetric,0.16881147,0.17951018,0.18988137,0.1999614,0.20978013,0.21936244
QZ Boo,1401159589135954432,SSG,SSG,15.7623,0.0736,0.1837,0.0095,32.926,0.156,,,SB1,0.450698,0.47715878,0.50279295,0.5276926,0.55193335,0.57557815
ROTSE1 J184706.07+434032.7,2105255190248353792,RS CVn,RS CVn,18.85990432,0.003319671,0.0791576,0.032060865,17.49550459,0.321330428,,,SB1,0.23758605,0.25239107,0.26673952,0.28068218,0.2942608,0.30751017
RX J1112.4+3950,765345000140899584,SSG,SSG,5.2533,0.0779,0.0866,0.0061,51.697,0.669,,,Asymmetric,0.50830597,0.5376323,0.5660419,0.5936366,0.62050015,0.64670235
TYC 2197-1430-1,1800478504125784704,RS CVn,RS CVn,76.30163165,0.023608636,0.039068677,0.008348389,29.37210231,0.117303975,,,SB1,0.7820454,0.82339007,0.8634578,0.9023871,0.94029236,0.97726965
TYC 3557-919-1,2080444435493307520,RS CVn,SSG,11.0283,1.2859,0.3669,0.0116,26.488,0.116,,,SB1 ,0.28592265,0.30351564,0.32056373,0.3371277,0.35325727,0.3689941
TYC 3927-1130-1,2153356762376955392,RS CVn,RS CVn,8.30108958,0.000783143,0.021525722,0.023918938,35.48003896,0.566880047,,,SB1,0.3896471,0.41293833,0.43550348,0.4574235,0.47876483,0.4995829
TYC 4216-800-1,2155975764713926784,RS CVn,RS CVn,33.58222026,0.0296623,0.058488663,0.029118093,23.38940119,0.47352165,,,SB1,0.41225263,0.43673345,0.46045038,0.4834886,0.50591797,0.5277968
TYC 4415-328-1,1647677204253342080,SSG,SSG,16.8366,0.2256,0.2861,0.0303,12.916,0.177,,,SB1 ,0.15752417,0.16753387,0.17723757,0.1866692,0.19585668,0.20482321
TYC 4422-1970-1,1647104259911614208,RS CVn,RS CVn,5.3512,0.0585,0.0116,0.0052,38.301,0.562,,,SB1 ,0.35918292,0.38084134,0.4018256,0.42221087,0.44205886,0.461421
TYC 4428-785-1,1637769715430118528,RS CVn,RS CVn,55.45592148,0.071714908,0.239629949,0.052693486,15.63770509,0.804145694,,,SB1,0.30390224,0.32251102,0.34054264,0.3580614,0.37512016,0.39176294
TYC 4667-90-1,2445149040805181440,Cut,Cut,8.8633,0.0285,0.0102,0.0035,52.493,0.354,,,Asymmetric,0.650578,0.68647105,0.72124565,0.7550249,0.7879102,0.8199863
TYC 583-566-1,2664149423227808256,RS CVn,SSG,4.2138,0.0343,0.0853,0.0072,51.961,0.528,,,SB1 ,0.46739933,0.49470335,0.52115417,0.5468467,0.57185906,0.5962562
UCAC2 28842571,2474594645095556224,RS CVn,RS CVn,33.88,5.00E-05,0.35224,0.00078,46.37,0.1,46.45,0.14,SB2,0.998277718,1.09810549,1.197933262,1.297761033,1.397588805,1.497416577
V486 And,2863827091383419264,RS CVn,SSG,7.145209708,0.00094902,0.190679509,0.068720132,14.98730457,1.46237731,,,SB1,0.13980484,0.14872468,0.15737242,0.16577822,0.17396688,0.18195903
V498 And,387742126997049728,Cut,SSG,9.329,0.1323,0.0226,0.0119,30.637,0.25,,,SB1,0.3436673,0.36448103,0.38464746,0.4042388,0.42331424,0.44192323
V832 Her,4573752837207321344,,,122.4694566,0.033847682,0.298776521,0.003177629,19.54967605,0.068278603,,,SB1,0.5304548,0.5608508,0.59029657,0.61889774,0.6467409,0.6738984
V832 Her,4573752837207321344,,,122.899496,0.229942,0.137887531,0.043503,,,,,orbital,0.535258949,0.56588459,0.595552921,0.624370217,0.652423739,0.679786444
V834 Her,4597154602175212672,,,183.893259,1.626649,0.11176787,0.207876,,,,,orbital,0.123263985,0.131157532,0.138810799,0.146250412,0.153498217,0.160572439
V846 Her,1302252161666670464,,,52.453,0.0037,0.021,0.006,29.48,0.17,,,SB1,0.664057374,0.700535893,0.735878468,0.770209968,0.803633332,0.83623445
XX Tri,329324421377469696,,,23.969,0.0009,0,0,15.9,0.2,,,SB1,0.234327003,0.248941094,0.263104618,0.276867718,0.29027161,0.303350538
