source_id,2MASS,AllWISE,GALEX,ra,dec,pmra,pmdec,distance,e_b_v,mh_gspphot,ruwe,phot_g_mean_mag,phot_g_mean_flux_over_error,phot_bp_mean_mag,phot_bp_mean_flux_over_error,phot_rp_mean_mag,phot_rp_mean_flux_over_error,Jmag,e_Jmag,Hmag,e_Hmag,Kmag,e_Kmag,W1mag,e_W1mag,W2mag,e_W2mag,W3mag,e_W3mag,W4mag,e_W4mag,fuvmag,e_fuvmag,nuvmag,e_nuvmag,2MASS_qph,AllWISE_ccf,AllWISE_qph,accretion,bp_rp_0,fuv_j_0,nuv_j_0,fuv_nuv_0,j_k_0
45787585487165184,2MASS 04182147+1658470,AllWISE J041821.47+165846.8,,64.58950430637097,16.979678255633257,5.315013526706915,-9.780236603,180.94288627542065,0.5017008,-0.7665,0.8927543,13.0224,618.14667,13.695913,184.11636,12.225367,246.8357,11.175,0.021,10.603,0.02,10.464,0.017,10.404,0.023,10.426,0.021,10.334,0.082,8.702,,,,,,AAA,0000,AAAU,FALSE,,,,,
47316005432912256,2MASS 04185170+1723165,AllWISE J041851.70+172316.4,,64.71544544198856,17.387880806233994,2.935037273088396,-13.2369888,121.60145217841846,0.5157153,-0.8936,0.986649,11.806791,548.036,12.460875,162.12238,11.014988,213.04358,10.026,0.021,9.416,0.019,9.27,0.018,9.158,0.022,9.164,0.021,9.076,0.032,8.358,,,,,,AAA,0000,AAAU,FALSE,,,,,
48193316928788352,2MASS 04221332+1934392,AllWISE J042213.32+193439.1,,65.55552548722333,19.577518013296945,7.0140416329066495,-12.28959486,140.38563412915943,0.6068208,,1.3569314,17.441864,518.4038,20.752594,13.1813965,15.841545,237.96133,12.86,0.021,12.054,0.022,11.525,0.018,11.281,0.022,10.906,0.022,11.106,0.186,8.532,,,,,,AAA,0hHH,AABU,FALSE,,,,,
48238809222398336,2MASS 04214323+1934133,AllWISE J042143.24+193413.2,,65.43017463003753,19.57031166060764,6.5156399662282105,-11.84124803,147.1645479404914,0.5880204,-0.5965,1.1563572,14.403141,446.85605,16.513275,86.36423,13.039753,161.13654,10.185,0.022,8.725,0.024,8.021,0.018,7.105,0.038,6.153,0.027,3.691,0.014,1.907,0.017,,,,,AAA,00hh,AAAA,FALSE,,,,,
49366530195372416,2MASS 04162725+2053091,AllWISE J041627.25+205309.1,,64.11354342848254,20.88584684958356,4.971697728740665,-11.81704561,138.16791722819178,0.5978037,,1.0780097,15.639832,1245.6089,17.857132,80.598625,14.269439,526.6097,12.05,0.022,11.474,0.022,11.112,0.017,10.938,0.022,10.693,0.021,10.411,0.112,8.801,,,,,,AAA,dd00,AABU,FALSE,,,,,
53098994216894208,2MASS 04053087+2151106,AllWISE J040530.88+215110.4,GALEX J040530.8+215110,61.378704042160926,21.85288726567692,4.191663639567589,-14.20503831,124.09113001746708,0.3035245,0.0728,1.3525997,13.768498,1237.7069,15.132651,226.3255,12.611961,536.2524,10.947,0.021,10.292,0.022,10.056,0.02,9.888,0.022,9.785,0.02,9.643,0.05,8.244,,,,20.8617,0.2362,AAA,0000,AAAU,FALSE,2.1272754073143005,,7.665191423773766,,0.7355040211081505
144911784251503616,2MASS 04361030+2159364,AllWISE J043610.31+215936.3,,69.04298110278279,21.993360845944984,8.932230995886096,-23.46579869,115.9107940509918,0.40158513,,1.1234322,19.578905,163.19173,21.498363,5.5616236,18.024906,52.65719,14.86,0.036,14.11,0.027,13.645,0.036,13.296,0.024,12.688,0.028,10.935,0.152,8.249,0.303,,,,,AAA,0000,AABB,FALSE,,,,,
144936836795636864,2MASS 04391779+2221034,AllWISE J043917.79+222103.2,,69.82418064978997,22.35086379227869,10.572733170826698,-17.52742564,157.18634722303906,0.3817198,-0.3414,1.3618585,11.5911045,130.22955,12.3249855,38.465622,10.686425,52.27738,9.424,0.02,8.6,0.018,8.163,0.018,7.504,0.028,7.207,0.019,5.696,0.015,3.565,0.022,,,,,AAA,hh00,AAAA,FALSE,,,,,
145133786815830784,2MASS 04354183+2234115,AllWISE J043541.84+223411.4,,68.92438138749701,22.569807754174157,10.894562712429556,-17.93094135,153.8383752457973,0.6327143,,0.96309364,16.892164,648.5068,19.42028,21.159647,15.453114,202.02036,12.946,0.022,12.367,0.021,11.985,0.022,11.785,0.023,11.501,0.023,11.471,0.296,8.51,,,,,,AAA,0000,AABU,FALSE,,,,,
145196252820109440,2MASS 04332621+2245293,AllWISE J043326.22+224529.1,,68.35928937174633,22.75805374815925,8.899940072927084,-16.52635175,158.94982173014128,1.204029,0.4224,1.0581295,16.495567,590.4247,19.494255,19.569407,14.970659,220.99782,11.801,0.021,10.5,0.024,9.924,0.021,9.694,0.023,9.412,0.02,9.231,0.045,7.96,,,,,,AAA,d0dd,AAAU,FALSE,,,,,
145203159127518336,2MASS 04335200+2250301,AllWISE J043352.01+225029.9,GALEX J043351.9+225030,68.46676977320926,22.841616895897623,8.941561034352315,-17.07910578,160.31777079319087,1.1611567,-2.2833,1.3563316,12.181539,96.167984,13.234386,22.893726,11.105271,35.994926,9.48,0.02,8.431,0.04,7.793,0.02,6.756,0.068,6.032,0.038,4.367,0.014,2.412,0.026,20.8775,0.3501,18.2864,0.0522,AAA,0000,AAAA,FALSE,0.6111042499542236,2.535837311744689,0.1265517663955684,2.409285545349121,1.0870105261802676
145203704587705088,2MASS 04341527+2250309,AllWISE J043415.28+225030.6,,68.56370464481017,22.841812511516327,11.067709356832356,-16.82794162,162.8932319017559,1.2600387,,1.2948834,19.087305,331.29553,21.512321,6.3570805,17.51353,69.24078,13.74,0.027,12.537,0.024,11.849,0.018,11.507,0.022,11.074,0.022,11.201,0.221,8.369,,,,,,AAA,0000,AABU,FALSE,,,,,
145203811962545152,2MASS 04341099+2251445,AllWISE J043410.99+225144.2,,68.54585246096948,22.862256052331663,8.969086682,-17.1312777,162.36295239863804,1.19187,,1.127712,13.871103,184.60149,15.417795,47.99559,12.663477,69.98981,10.593,0.023,9.744,0.022,9.426,0.018,9.37,0.023,9.258,0.021,9.183,0.052,8.047,,,,,,AAA,0000,AAAU,FALSE,,,,,
145209339585095424,2MASS 04355143+2249119,AllWISE J043551.43+224911.6,,68.96433535433566,22.819892011230426,11.11597277492618,-15.04152081,155.66598432536037,1.2529231,,1.198701,20.546995,128.9991,21.767668,3.146146,18.88556,18.54465,15.476,0.044,14.66,0.04,14.185,0.053,13.873,0.027,13.526,0.036,12.239,,8.662,0.479,,,,,AAA,00HD,AAUC,FALSE,,,,,
145209442664192896,2MASS 04355286+2250585,AllWISE J043552.87+225058.3,,68.97033422,22.849512397840275,10.554730263478774,-16.93038233,162.3197350765187,1.299017,,1.240661,14.723405,700.94635,16.998655,114.84672,13.347751,207.2312,10.99,0.023,10.111,0.022,9.75,0.019,9.536,0.022,9.333,0.019,9.306,0.045,8.539,0.452,,,,,AAA,00hH,AAAC,FALSE,,,,,
145210099794710272,2MASS 04355109+2252401,AllWISE J043551.10+225239.8,,68.96293446165316,22.877670430145727,6.102569611936421,-28.12577445,160.58965211130737,1.3447037,-0.2678,1.0950434,14.729744,423.72726,16.563457,73.327736,13.445961,138.4145,11.308,0.021,10.345,0.021,10.007,0.021,9.82,0.024,9.686,0.021,9.65,0.054,8.327,,,,,,AAA,hhhH,AAAU,FALSE,,,,,
145212711134828672,2MASS 04354203+2252226,AllWISE J043542.04+225222.4,,68.92519786534123,22.87287332774795,10.016582186596183,-16.89417838,164.1793070860848,1.2993065,,1.0616183,15.314018,742.7452,17.951284,58.598106,13.872661,227.96498,11.252,0.023,10.393,0.021,9.995,0.023,9.831,0.022,9.576,0.018,9.465,0.055,,,,,,,AAA,0000,AAAX,FALSE,,,,,
145213295250374016,2MASS 04355209+2255039,AllWISE J043552.09+225503.9,,68.96709847025615,22.91774161834772,7.2315507392039695,-7.64570452,160.8770775593906,1.4180067,,1.1808641,15.469124,892.6813,17.95236,56.56763,14.022782,368.7714,11.31,0.022,10.23,0.022,9.809,0.019,9.661,0.024,9.441,0.02,9.179,0.042,8.168,0.264,,,,,AAA,hhdH,AAAB,FALSE,,,,,
145217379763796992,2MASS 04363893+2258119,AllWISE J043638.93+225811.7,,69.16224966214106,22.969886167029312,9.214297032350546,-16.47791205,180.44102233415092,1.339921,,1.0010191,18.406805,450.773,21.605104,4.601666,16.822441,123.182846,13.724,0.026,12.861,0.024,12.367,0.025,11.998,0.025,11.632,0.022,11.445,0.235,8.786,,,,,,AAA,0000,AABU,FALSE,,,,,
145220064117853696,2MASS 04361038+2259560,AllWISE J043610.39+225955.9,,69.04331806802932,22.99881879928047,10.377453206731316,-15.69062485,163.83230732499428,1.3444147,,1.2417822,18.74072,270.13504,21.212313,5.4176292,17.130472,76.69993,13.754,0.025,12.762,0.022,12.169,0.019,11.824,0.023,11.428,0.021,11.885,0.374,8.368,,,,,,AAA,0000,AACU,FALSE,,,,,
145225596036660224,2MASS 04345693+2258358,AllWISE J043456.93+225835.5,,68.73727083264589,22.97651754360097,11.587127951144849,-16.35958144,162.7159362553521,1.2116005,-0.38,1.0633751,13.39733,332.9053,14.701821,92.48737,12.262854,130.67279,10.465,0.023,9.594,0.023,9.267,0.018,9.125,0.023,9.007,0.019,8.854,0.039,7.695,0.221,,,,,AAA,0000,AAAB,FALSE,,,,,
145238687096970496,2MASS 04350850+2311398,AllWISE J043508.51+231139.7,,68.78551260561197,23.194321234015604,7.878427616018122,-20.88220693,128.73109064824772,1.2507012,,0.98106253,16.345612,811.1459,18.886145,26.160751,14.901736,256.6849,12.528,0.022,11.938,0.021,11.592,0.018,11.355,0.024,11.062,0.02,10.864,0.166,8.413,,,,,,AAA,0000,AABU,FALSE,,,,,
145494460991086976,2MASS 04270739+2215037,AllWISE J042707.41+221503.5,,66.78088493127743,22.250966945271244,7.615507982896058,-17.05603313,161.01674979703307,0.43690535,,1.02347,16.127657,1152.1033,18.784418,47.720413,14.690168,437.16293,12.273,0.022,11.649,0.022,11.294,0.02,11.084,0.023,10.756,0.022,10.346,0.157,8.145,,,,,,AAA,0000,AABU,FALSE,,,,,
145950895754320384,2MASS 04322415+2251083,AllWISE J043224.16+225108.1,,68.10070606855102,22.852232342475716,10.353716126865187,-17.16782024,160.04374362770204,0.9717211,0.4206,1.2528921,15.213528,770.9206,17.348436,76.45765,13.861036,331.16275,11.616,0.026,10.828,0.03,10.53,0.02,10.168,0.023,9.626,0.02,7.637,0.02,6.167,0.061,,,,,AAA,0000,AAAA,FALSE,,,,,
145951789107603200,2MASS 04324911+2253027,AllWISE J043249.12+225302.5,,68.20469024896032,22.884054084380224,7.617657439766367,-15.77753729,162.54724476187204,1.0922589,-1.5807,1.1465176,14.05646,94.835236,15.6287155,22.546171,12.812324,36.333035,10.238,0.027,8.995,0.032,8.169,0.023,7.458,0.04,6.947,0.025,4.753,0.014,2.652,0.019,,,,,AAA,hh00,AAAA,FALSE,,,,,
145982742935380096,2MASS 04344544+2308027,AllWISE J043445.45+230802.5,,68.68940721429655,23.13399892086192,10.613491797816463,-17.79569627,165.4907085,1.1935627,,0.9464647,16.784393,805.0365,19.498947,24.108847,15.329383,305.05466,12.809,0.023,12.025,0.021,11.702,0.022,11.436,0.023,11.152,0.021,10.951,0.148,8.598,,,,,,AAA,0000,AABU,FALSE,,,,,
146050057959093632,2MASS 04311907+2335047,AllWISE J043119.07+233504.6,,67.82951824472815,23.584592836118528,7.671212669673581,-16.07996929,166.96618392174938,0.9315854,,1.3511431,18.357197,312.8115,21.093258,6.6463084,16.715174,94.5312,13.507,0.026,12.716,0.034,12.195,0.022,11.889,0.025,11.513,0.023,11.46,0.303,8.754,,,,,,AAA,0000,AABU,FALSE,,,,,
146277553787186048,2MASS 04322329+2403013,AllWISE J043223.31+240301.2,,68.09716318394142,24.05030758355711,7.181950514940725,-21.88559932,126.7694267,1.5107054,,1.0493962,16.758675,361.3388,19.727009,20.998535,15.235544,120.09611,12.335,0.024,11.691,0.023,11.327,0.02,11.12,0.023,10.793,0.02,10.532,0.157,8.305,,,,,,AAA,0000,AABU,FALSE,,,,,
146285112929523456,2MASS 04302365+2359129,AllWISE J043023.65+235912.8,,67.59857196488342,23.986844492661923,7.7054466214043345,-22.20210822,132.30060951696237,1.3373268,,1.0805342,19.667805,241.88087,21.151808,3.6952624,18.13873,43.751602,14.96,0.037,14.244,0.043,13.698,0.053,13.476,0.025,13.182,0.034,11.619,,8.832,,,,,,AAA,0000,AAUU,FALSE,,,,,
146319193494413696,2MASS 04274538+2357243,AllWISE J042745.39+235724.1,,66.93917084144658,23.95670898507713,11.959405142479806,-16.14788746,158.8555833,0.9148422,,1.0964948,19.704422,217.78333,21.750069,7.2527933,18.113964,68.79437,14.933,0.04,14.236,0.047,13.689,0.05,13.406,0.026,13.107,0.047,11.159,,8.113,,,,,,AAA,0000,AAUU,FALSE,,,,,
146366442430208640,2MASS 04295950+2433078,AllWISE J042959.51+243307.5,,67.49799065088487,24.552040229103127,8.514488372559537,-21.35342965,131.77245012203284,1.4993929,,1.1276284,16.756235,50.583717,19.629543,11.355554,15.236328,16.684376,11.683,0.024,10.536,0.027,9.81,0.021,9.119,0.023,8.483,0.02,6.872,0.018,4.858,0.036,,,,,AAA,0000,AAAA,FALSE,,,,,
146487556211644544,2MASS 04414489+2301513,,,70.43710934293101,23.03085149358266,7.917722544816522,-20.15241338,122.21622917998025,0.37910414,,1.0971704,18.915628,248.76868,21.045517,6.272217,17.32633,62.117737,14.419,0.026,13.726,0.029,13.161,0.025,,,,,,,,,,,,,AAA,,,FALSE,,,,,
146709146460303744,2MASS 04385871+2323595,AllWISE J043858.71+232359.2,,69.74468142050874,23.399759054635936,7.210226096103449,-21.33245851,125.15131591080932,0.71806544,,1.1197935,16.259193,617.29865,18.73831,44.88274,14.837852,258.34183,12.492,0.023,11.936,0.022,11.595,0.018,11.371,0.022,11.098,0.022,10.731,0.115,8.617,,,,,,AAA,0000,AABU,FALSE,,,,,
146758968080949504,2MASS 04381630+2326402,AllWISE J043816.30+232640.0,,69.56793760130232,23.44441638345393,7.602372382216446,-21.90611243,127.10342582036272,0.9123207,0.4244,1.1712164,15.213491,983.8594,17.2531,138.31827,13.878245,446.44284,11.807,0.023,11.241,0.022,10.962,0.02,10.793,0.023,10.551,0.021,10.324,0.09,8.043,,,,,,AAA,0000,AAAU,FALSE,,,,,
146764465639042176,2MASS 04390637+2334179,AllWISE J043906.38+233417.7,,69.77661704067877,23.571548801017737,8.253996229,-21.69860512,125.47883741785168,0.7587122,,1.2007562,15.830748,766.80396,18.395016,42.629353,14.404238,294.5617,12.093,0.023,11.531,0.023,11.192,0.018,10.903,0.024,10.617,0.02,10.357,0.081,8.631,,,,,,AAA,0000,AAAU,FALSE,,,,,
146764809236423808,2MASS 04390163+2336029,AllWISE J043901.63+233602.7,,69.75684709577561,23.60072493439916,7.932523978996187,-21.59313677,126.75736480631316,0.77385247,0.1582,1.2128042,14.34845,417.60803,16.178835,94.48211,13.067573,136.98447,11.335,0.023,10.595,0.023,10.185,0.018,9.871,0.023,9.479,0.02,7.969,0.02,6.326,0.061,,,,,AAA,0000,AAAA,FALSE,,,,,
146767764173923328,2MASS 04385859+2336351,AllWISE J043858.60+233634.9,,69.74421535764583,23.609670269515505,8.09108249,-21.20050831,126.64799721549603,0.78200793,,1.1120814,15.657024,1114.6736,17.917429,66.43994,14.263597,507.89,11.975,0.023,11.362,0.023,11.033,0.018,10.7,0.024,10.197,0.021,8.338,0.026,6.519,0.069,,,,,AAA,0000,AAAA,FALSE,,,,,
146874275068113664,2MASS 04400067+2358211,,,70.00283671430812,23.972431335300765,7.950696342276189,-21.03410093,126.3507284759177,0.88885635,,0.95804274,16.328197,616.1342,18.736004,33.64875,14.881478,243.55257,12.428,0.023,11.872,0.024,11.485,0.021,,,,,,,,,,,,,AAA,,,FALSE,,,,,
146881048231272192,2MASS 04393364+2359212,AllWISE J043933.64+235920.9,,69.89020664,23.98913430861268,7.773581852080031,-21.1200692,127.11077932574972,0.8836661,0.1901,1.1085439,14.978098,136.3302,16.9306,28.186762,13.680747,43.24183,11.568,0.022,10.804,0.021,10.277,0.018,9.742,0.022,9.123,0.021,6.997,0.017,5.225,0.032,,,,,AAA,0000,AAAA,FALSE,,,,,
147441558642852736,2MASS 04442713+2512164,AllWISE J044427.14+251216.2,,71.11312402592773,25.204477048215875,5.760237693340571,-19.84765235,143.15354756726595,1.6512012,,1.000917,15.492094,184.61879,17.998415,29.080025,14.025026,100.134224,12.195,0.021,11.359,0.017,10.761,0.018,9.992,0.024,9.294,0.021,6.763,0.016,4.297,0.03,,,,,AAA,h000,AAAA,FALSE,,,,,
147546080967742720,2MASS 04362151+2351165,AllWISE J043621.51+235116.4,,69.089635,23.854532618472984,-0.918182864,-19.2224516,114.5037530015132,0.7770488,,1.0501752,16.675335,688.0409,18.764921,31.603123,15.305225,226.70525,13.164,0.025,12.537,0.022,12.245,0.021,11.95,0.023,11.479,0.023,9.823,0.058,7.875,0.218,,,,,AAA,0000,AAAB,FALSE,,,,,
147605282796916992,2MASS 04354093+2411087,,,68.92065390336086,24.18570822261608,5.970652706828005,-21.51762195,127.0116177074776,1.4272634,-1.0088,1.1546395,15.564445,129.90756,17.645155,24.274467,14.149414,52.932068,10.731,0.026,9.197,0.026,8.411,0.024,,,,,,,,,,,,,AAE,,,FALSE,,,,,
147606657186323712,2MASS 04352737+2414589,AllWISE J043527.37+241458.6,,68.86410294975117,24.249604586887905,6.056387222558211,-20.86443301,128.6006687,1.3085965,-4.0736,1.1195259,11.460606,189.22548,12.337834,50.774277,10.505226,72.44752,9.139,0.021,8.342,0.027,8.015,0.021,7.657,0.029,7.216,0.02,5.166,0.016,3.039,0.022,,,,,AAA,0000,AAAA,FALSE,,,,,
147790202612482560,2MASS 04333405+2421170,AllWISE J043334.06+242116.9,,68.39194882907556,24.35464964390897,5.764352690970213,-20.64198778,129.43692200835292,1.729275,0.3658,1.3861378,12.607882,43.61847,13.874616,10.1680155,11.509579,16.64494,9.341,0.02,8.418,0.021,7.888,0.023,7.087,0.106,6.35,0.072,4.011,0.016,2.27,0.027,,,,,AAA,HHHH,AAAA,FALSE,,,,,
147790206908395776,2MASS 04333456+2421058,,,68.39404896,24.351535270353512,7.464668292467917,-20.51021812,129.14396159482146,1.7231437,,1.1728495,11.989602,62.151997,13.025188,17.680296,10.890767,24.930891,9.053,0.027,8.108,0.026,7.468,0.021,,,,,,,,,,,,,AAA,,,FALSE,,,,,
147796013704189440,2MASS 04323058+2419572,AllWISE J043230.58+241957.2,,68.12744347646205,24.33250420981362,6.842342560753991,-21.54586754,129.52355130459162,1.7050116,-2.4849,1.156347,13.732977,483.9784,15.404322,87.84397,12.480317,172.82051,9.982,0.022,8.676,0.026,8.052,0.016,7.315,0.035,6.774,0.028,5.524,0.015,3.348,0.02,,,,,AAA,dddd,AAAA,FALSE,,,,,
147799209159857280,2MASS 04321786+2422149,AllWISE J043217.88+242214.7,,68.07449836548574,24.37070879642205,6.854648846390463,-21.81011677,126.50698482435791,1.6364448,,1.212737,15.717915,1221.3009,18.547197,29.567778,14.247084,469.73068,11.539,0.02,10.791,0.02,10.382,0.02,10.092,0.023,9.769,0.02,9.556,0.075,8.147,,,,,,AAA,dd00,AAAU,FALSE,,,,,
147801339463632000,2MASS 04330197+2421000,AllWISE J043301.97+242059.9,,68.25824924915565,24.349928909600763,6.999345118069357,-20.3908215,129.12938434226004,1.900197,,1.3532351,15.126443,1029.7173,18.059252,109.6499,13.638595,559.2147,10.862,0.021,10.14,0.022,9.726,0.018,9.494,0.023,9.162,0.021,9.006,0.039,7.859,,,,,,AAA,0000,AAAU,FALSE,,,,,
147831571737487488,2MASS 04331003+2433433,AllWISE J043310.03+243343.1,,68.29182694074392,24.561921201495377,7.170984263052814,-21.19718216,130.3717244912772,1.4324555,-0.3533,1.0466402,11.667231,430.54648,12.546738,102.51004,10.725947,154.25813,9.325,0.021,8.613,0.016,8.422,0.021,8.412,0.023,8.38,0.02,8.264,0.031,8.329,0.368,,,,,AAA,0000,AAAC,FALSE,,,,,
148017561002336384,2MASS 04334291+2526470,AllWISE J043342.92+252646.7,,68.42886974313994,25.446244175020293,3.216280061372855,-23.68410087,140.85703882581987,1.0939533,,1.1835327,19.599485,271.67368,21.265507,4.5730844,18.041412,46.360912,14.639,0.035,13.849,0.032,13.328,0.033,12.985,0.024,12.629,0.027,11.76,,8.718,,,,,,AAA,0000,AAUU,FALSE,,,,,
148037764527442944,2MASS 04361909+2542589,AllWISE J043619.10+254258.7,,69.07963352,25.716266785491136,8.868158363947426,-27.58488351,128.20136271346615,1.6675898,-0.2324,1.2832052,11.233383,501.16516,11.942229,157.11267,10.409575,230.93163,9.336,0.019,8.713,0.028,8.58,0.026,8.469,0.023,8.487,0.021,8.41,0.028,8.686,0.431,,,,,AAA,0000,AAAC,FALSE,,,,,
148106316500918272,2MASS 04430309+2520187,AllWISE J044303.08+252018.5,,70.76284072360495,25.338440307579685,4.736089399843628,-20.10894225,142.3822648,2.0675185,-0.4295,1.1825229,13.82833,313.42386,15.248606,80.4476,12.622444,122.982056,10.712,0.021,9.776,0.017,9.332,0.018,8.973,0.022,8.542,0.021,6.613,0.016,4.394,0.029,,,,,AAA,0000,AAAA,FALSE,,,,,
148112913570653568,2MASS 04422101+2520343,AllWISE J044221.02+252034.1,,70.58761283492525,25.342774892288137,4.632661807173679,-19.77384324,140.6789974767761,2.433558,,1.1983398,15.240524,558.2879,17.412443,55.03035,13.857696,237.65521,11.397,0.023,10.575,0.022,10.169,0.018,9.678,0.024,9.049,0.021,6.859,0.017,4.342,0.021,,,,,AAA,0000,AAAA,FALSE,,,,,
148172179824515968,2MASS 04414825+2534304,AllWISE J044148.25+253430.4,,70.45107337397727,25.575070958849505,4.508857625,-19.77448775,136.97734333372267,2.7259471,,1.0207058,18.292873,91.62048,19.956282,11.180037,16.943167,39.627644,13.73,0.026,12.799,0.021,12.22,0.023,11.632,0.023,10.851,0.022,8.556,0.028,6.246,0.054,,,,,AAA,0000,AAAA,FALSE,,,,,
148196510814073728,2MASS 04411078+2555116,AllWISE J044110.79+255511.3,,70.29496534113004,25.919782989235305,4.468388286449908,-20.0128956,151.63068719213024,2.3487544,,0.9686155,18.076752,71.438324,20.669363,10.2962675,16.54499,20.17254,13.193,0.025,12.12,0.023,11.445,0.02,10.958,0.024,10.259,0.02,8.34,0.031,6.7,0.1,,,,,AAA,0000,AAAA,FALSE,,,,,
148354733113981696,2MASS 04390396+2544264,AllWISE J043903.95+254426.1,,69.76653630984482,25.740557749693156,6.581613069296694,-21.11728694,140.97208673232944,2.8095002,,1.2845675,17.227154,303.99857,20.428118,6.7958584,15.678136,89.97445,12.646,0.022,11.841,0.021,11.368,0.02,10.985,0.023,10.389,0.02,8.359,0.025,6.548,0.077,,,,,AAA,0000,AAAA,FALSE,,,,,
148374391180009600,2MASS 04395574+2545020,,,69.98230194021544,25.750449342428468,5.672541185275493,-20.21701665,144.81527164707526,2.8917627,,1.1492395,17.445286,127.54788,21.311699,5.9117074,15.707458,58.16852,10.668,0.023,8.052,0.018,6.275,0.018,,,,,,,,,,,,,AAA,,,FALSE,,,,,
148381984682184192,2MASS 04404950+2551191,,,70.20631650735528,25.855181317422502,4.204671811880109,-19.73828032,141.51148430572331,2.4871497,-0.133,1.1732055,14.098617,157.98409,15.733772,45.310062,12.847693,48.305496,10.75,0.023,9.919,0.028,9.492,0.022,,,,,,,,,,,,,AAA,,,FALSE,,,,,
148384179410294272,2MASS 04410826+2556074,AllWISE J044108.26+255607.2,,70.28445760722252,25.935282599229662,5.193008292159962,-21.29537102,146.99207770427844,2.3349633,,1.2865313,17.643494,152.09177,19.153202,33.729088,16.24157,48.38947,13.735,0.027,12.146,0.021,11.087,0.02,9.844,0.024,8.931,0.019,6.668,0.019,4.468,0.029,,,,,AAA,0000,AAAA,FALSE,,,,,
148400156688543104,2MASS 04394748+2601407,AllWISE J043947.48+260140.5,,69.94787454132882,26.027873278083717,6.0875255281749405,-21.64530184,140.40695763324626,2.4131906,,1.3071208,17.761717,327.85547,21.139841,6.6249976,16.125572,91.84553,12.168,0.023,11.008,0.021,10.332,0.018,9.83,0.023,8.988,0.019,7.016,0.018,5.124,0.03,,,,,AAA,hh00,AAAA,FALSE,,,,,
148400229703257856,2MASS 04394488+2601527,AllWISE J043944.88+260152.6,,69.93703900744292,26.03120975,6.6870901915351855,-21.9490032,139.67609013962056,2.4205072,,1.020944,14.987539,346.20312,17.891771,48.03233,13.519723,119.75233,10.64,0.022,9.515,0.021,8.95,0.018,8.456,0.022,7.852,0.019,6.293,0.017,4.064,0.027,,,,,AAA,0h00,AAAA,FALSE,,,,,
148401565437820928,2MASS 04400800+2605253,AllWISE J044008.00+260525.3,,70.03338022351535,26.09030604985373,5.650079663,-20.76909735,137.35819969175603,2.390826,,1.0423944,18.684612,161.77065,21.04535,5.080721,17.069027,43.027466,12.406,0.023,10.248,0.029,8.869,0.018,8.12,0.024,7.149,0.019,4.889,0.016,2.701,0.021,,,,,AAA,0000,AAAA,FALSE,,,,,
148420639387738112,2MASS 04380083+2558572,AllWISE J043800.86+255857.0,,69.50363896330232,25.982476098441317,5.300793626196495,-22.27983764,147.5052426103837,2.0036893,,0.94441706,16.247816,746.94434,19.871971,21.9914,14.685819,282.95633,11.54,0.022,10.622,0.018,10.097,0.023,9.778,0.023,9.405,0.021,9.237,0.039,8.393,,,,,,AAA,0000,AAAU,FALSE,,,,,
148449845165337600,2MASS 04382134+2609137,AllWISE J043821.33+260913.6,,69.58893967776885,26.15372694430863,6.047063136626272,-22.39538323,139.36864457754285,2.3313587,-3.7281,1.0795709,16.240765,36.43116,18.291124,10.75365,14.845125,12.288066,12.804,0.022,11.586,0.019,10.632,0.018,9.542,0.023,8.85,0.019,7.1,0.016,5.309,0.032,,,,,AAA,HH0d,AAAA,FALSE,,,,,
148450085683504896,2MASS 04383528+2610386,AllWISE J043835.29+261038.3,,69.64706733088025,26.17730503100477,4.775979175959282,-21.37696992,137.99346557810188,2.4403896,,1.2863767,12.939947,550.9348,14.930182,108.48061,11.610596,194.2544,9.227,0.023,8.284,0.026,7.906,0.024,7.796,0.026,7.583,0.02,7.412,0.038,5.916,,,,,,AAA,0hhh,AAAU,FALSE,,,,,
148450875956969344,2MASS 04381486+2611399,AllWISE J043814.88+261139.8,,69.56203406963509,26.194333867729167,5.435121019869804,-21.56499018,140.25597865192304,2.3084648,,1.1403444,19.771435,176.53027,21.435043,5.300207,18.072676,34.888065,15.176,0.049,14.128,0.046,12.981,0.03,11.082,0.023,10.029,0.02,7.896,0.023,5.042,0.034,,,,,AAA,0000,AAAA,FALSE,,,,,
149369139966814976,2MASS 04293606+2435556,AllWISE J042936.06+243555.4,,67.40031209024785,24.59868306096478,8.636884274838316,-20.64092987,131.09371393182258,1.5963157,-4.0543,1.0954946,14.780668,83.188446,16.778347,31.376324,13.454926,27.505201,10.78,0.019,9.392,0.02,8.659,0.02,8.263,0.023,7.727,0.019,6.417,0.017,4.398,0.032,,,,,AAA,00hh,AAAA,FALSE,,,,,
149409920679460096,2MASS 04263055+2443558,AllWISE J042630.56+244355.5,,66.62733700746509,24.73207885523541,6.392390059049028,-20.74887664,123.31031892967384,1.0208079,,1.1618818,19.786701,195.98184,21.665133,3.860142,18.235384,38.276096,14.666,0.026,13.943,0.043,13.398,0.033,12.868,0.025,12.197,0.032,10.044,0.178,7.751,,,,,,AAA,0000,AABU,FALSE,,,,,
149623711269425408,2MASS 04233919+2456141,AllWISE J042339.19+245613.9,,65.91332350118732,24.937194787809428,7.448082558585217,-21.84892658,130.1876940902274,0.97476465,-4.1451,1.3265878,13.604074,205.41522,14.958764,39.711006,12.389546,93.52838,10.192,0.026,9.123,0.027,8.596,0.021,7.646,0.026,7.013,0.021,5.099,0.014,3.083,0.018,,,,,AAA,d000,AAAA,FALSE,,,,,
149629483705467008,2MASS 04233539+2503026,AllWISE J042335.40+250302.4,,65.89749725525944,25.05066819065253,6.9006645640752335,-21.25223967,127.62550242600912,1.0223778,,1.152283,15.216642,521.23914,18.033018,78.61188,13.718248,175.90543,10.781,0.026,9.945,0.027,9.324,0.024,8.595,0.022,7.817,0.02,6.071,0.016,4.596,0.031,,,,,AAA,0000,AAAA,FALSE,,,,,
150393571269837184,2MASS 04181078+2519574,AllWISE J041810.78+251957.1,GALEX J041810.7+251958,64.54497202982456,25.332501515126964,8.798086673172172,-23.44813318,129.67374383671654,0.94360715,,1.4007974,12.528504,45.360397,13.999739,10.108331,11.273478,23.50831,10.744,0.024,9.589,0.022,9.032,0.019,8.321,0.023,7.982,0.02,5.567,0.014,3.773,0.025,,,20.2145,0.1239,AAA,0000,AAAA,FALSE,1.4822168350219729,,2.3571681556701662,,1.220295029401779
150501362066641664,2MASS 04221644+2549118,AllWISE J042216.45+254911.6,,65.56855888188062,25.819860896563263,13.830569868611631,-20.02070167,149.53663285347125,0.726452,0.496,0.9787441,17.58315,361.15625,20.752836,11.943444,16.03557,134.90237,13.059,0.023,12.362,0.027,11.936,0.021,11.663,0.023,11.35,0.024,11.074,0.275,8.49,,,,,,AAA,0000,AABU,FALSE,,,,,
151037064744973696,2MASS 04315844+2543299,AllWISE J043158.45+254329.7,,67.9935842,25.72491118968301,7.565842440972232,-20.86404835,155.24661253199395,0.8569681,,1.2645024,14.020973,1326.4752,16.07585,135.79393,12.688676,555.4209,10.585,0.021,9.828,0.022,9.559,0.02,9.451,0.023,9.262,0.021,9.223,0.057,8.344,0.42,,,,,AAA,0000,AAAC,FALSE,,,,,
151102790629500288,2MASS 04305718+2556394,AllWISE J043057.20+255639.2,,67.73837575962042,25.944219984256765,5.398472565611199,-22.30382082,127.83663528482204,1.0059882,,1.0950154,19.009136,373.69083,21.324701,5.5015273,17.471363,53.80292,14.521,0.033,13.828,0.027,13.272,0.033,12.817,0.024,12.227,0.025,10.497,0.118,8.226,0.383,,,,,AAA,0000,AABC,FALSE,,,,,
151127907597788672,2MASS 04335470+2613275,,,68.47801207202144,26.224224605751942,9.538617697223229,-17.52840863,160.39827209316255,2.112237,-0.1641,1.1760306,13.1863,230.4984,14.705675,59.758835,11.970135,80.95098,9.866,0.025,8.591,0.036,7.86,0.026,,,,,,,,,,,,,EAA,,,FALSE,,,,,
151129011404806912,2MASS 04334465+2615005,AllWISE J043344.66+261500.2,,68.43611706541525,26.25004230144716,8.054188425628354,-17.74684315,161.81213185729837,2.1570017,,1.4007009,16.56125,100.51529,19.69981,13.332869,14.990323,31.596066,11.639,0.021,10.385,0.022,9.744,0.018,8.962,0.023,8.178,0.02,6.63,0.017,4.75,0.03,,,,,AAA,0000,AAAA,FALSE,,,,,
151130317074279552,2MASS 04331435+2614235,AllWISE J043314.36+261423.3,,68.30987893300477,26.23977474314953,7.745564859922906,-17.16646114,172.78006445436534,2.0197096,,1.300192,19.48757,206.67435,21.327902,5.6723685,17.783352,41.381313,14.637,0.034,13.227,0.027,12.496,0.026,12.1,0.023,11.342,0.022,7.176,0.018,3.515,0.027,,,,,AAA,0000,AAAA,FALSE,,,,,
151130591952773632,2MASS 04330781+2616066,AllWISE J043307.81+261606.4,,68.28258020436837,26.26841275489266,8.949272139058383,-17.22633075,150.45602542704952,1.9475825,,1.2489394,16.81644,329.12103,20.478113,6.946666,15.244886,136.53477,11.907,0.022,10.805,0.022,10.269,0.02,9.99,0.022,9.64,0.02,9.493,0.056,8.325,,,,,,AAA,0000,AAAU,FALSE,,,,,
151262876946558976,2MASS 04265732+2606284,AllWISE J042657.32+260628.1,,66.73884365,26.107780201287703,5.589530770695399,-20.58284416,130.49478878496615,1.0702767,0.3999,0.99533665,15.549321,851.1221,18.291313,46.678696,14.079617,342.59317,11.281,0.022,10.172,0.022,9.58,0.021,8.914,0.023,8.252,0.021,6.535,0.019,4.921,0.037,,,,,AAA,hdhd,AAAA,FALSE,,,,,
151265002954775936,2MASS 04272799+2612052,AllWISE J042728.00+261204.8,,66.8666746,26.201311965637476,2.3544564091361444,-22.66181882,133.43332616450823,1.0942414,,1.134952,20.501144,115.908936,21.35706,3.737748,18.839087,20.850466,14.997,0.035,14.025,0.038,13.281,0.032,12.818,0.025,12.356,0.027,11.552,,8.66,,,,,,AAA,0000,AAUU,FALSE,,,,,
151283870746458496,2MASS 04262939+2624137,AllWISE J042629.40+262413.4,,66.62251321142186,26.40373238438986,11.28095890455876,-17.66694348,157.3474213274254,1.1337001,0.4918,1.2029933,17.577309,484.38132,20.213789,10.495608,16.109715,206.28056,13.323,0.022,12.501,0.022,12.079,0.021,11.565,0.024,10.976,0.022,8.785,0.044,6.936,0.125,,,,,AAA,0000,AAAB,FALSE,,,,,
151296579553731456,2MASS 04300724+2608207,AllWISE J043007.24+260820.4,,67.53021527719734,26.138985401356297,5.266787833382298,-22.6206052,122.72127786178254,1.0916903,,1.0553256,19.514143,182.87717,21.446405,7.1074233,18.038877,65.74681,14.995,0.031,14.197,0.039,13.689,0.037,13.312,0.025,12.758,0.028,11.509,0.313,8.148,,,,,,AAA,0000,AABU,FALSE,,,,,
151327159721125888,2MASS 04294568+2630468,AllWISE J042945.67+263046.3,,67.44033984396289,26.512840049375505,7.397335092962752,-21.01970855,124.63950680995102,1.3569763,,1.1326903,16.85628,492.1087,19.918438,13.334761,15.348317,221.8219,12.64,0.024,11.918,0.024,11.536,0.018,11.221,0.037,10.933,0.038,10.755,0.199,8.586,,,,,,AAA,0000,AABU,FALSE,,,,,
151787064819255936,2MASS 04312669+2703188,AllWISE J043126.70+270318.5,,67.86127730824168,27.05513659,12.05281559473773,-19.21406653,151.1731583,1.6745428,,1.2549882,19.676067,226.8557,21.682827,5.7568913,18.106775,38.201332,14.828,0.035,13.967,0.038,13.45,0.033,13.086,0.026,12.737,0.03,11.643,,8.246,,,,,,AAA,0000,AAUU,FALSE,,,,,
151793082068521856,2MASS 04311444+2710179,AllWISE J043114.44+271017.6,,67.81020838976632,27.17152221785913,9.200125945427107,-27.55383424,127.01030381972316,1.6947831,-0.5414,1.0399173,11.999153,454.69623,12.921426,116.77135,11.0421715,176.79962,9.705,0.022,9.036,0.022,8.794,0.017,8.741,0.023,8.714,0.02,8.562,0.035,6.785,0.124,,,,,AAA,0000,AAAB,FALSE,,,,,
151870352825256576,2MASS 04354526+2737130,AllWISE J043545.28+273712.8,,68.93871360601688,27.62019615,13.713749771448782,-26.17917725,130.2973446446307,0.81566465,,1.2502309,19.99952,181.34093,21.112732,6.6255603,18.38198,36.993217,15.016,0.046,14.243,0.043,13.714,0.032,13.441,0.025,13.085,0.031,12.526,,8.958,,,,,,AAA,0000,AAUU,FALSE,,,,,
152029992465874560,2MASS 04242090+2630511,AllWISE J042420.90+263050.7,,66.08712012,26.514063090317865,9.621886131283205,-27.20562316,128.42301342408243,1.145727,0.7989,1.0236251,17.60237,262.36987,19.96248,15.313469,16.151297,68.40832,13.485,0.024,12.808,0.022,12.433,0.018,12.02,0.025,11.413,0.026,,,7.055,0.279,,,,,AAA,0000,AAXB,FALSE,,,,,
152098299625634816,2MASS 04224786+2645530,AllWISE J042247.88+264552.7,,65.69955909286277,26.764609685387597,11.594980780887887,-17.39945942,155.1634836,0.9008292,-3.4809,1.2065322,15.950038,126.59797,17.894175,27.430344,14.593493,45.57329,11.589,0.022,10.147,0.025,9.287,0.019,8.319,0.024,7.364,0.021,5.33,0.014,3.248,0.023,,,,,AAA,0000,AAAA,FALSE,,,,,
152099055539792000,2MASS 04222404+2646258,AllWISE J042224.05+264625.7,,65.60025032,26.773799162630866,12.041143721685334,-17.67297601,158.96465987480192,0.8839815,,1.168681,15.001148,1458.0708,17.388435,180.40163,13.60193,547.4691,11.088,0.02,10.191,0.027,9.771,0.017,9.627,0.023,9.353,0.019,9.155,0.047,7.955,,,,,,AAA,0000,AAAU,FALSE,,,,,
152108882425024128,2MASS 04242646+2649503,AllWISE J042426.46+264949.9,,66.11031276011299,26.83054593330535,11.380037071938547,-17.63826822,157.87303479151055,1.1000652,,0.9764413,16.938725,972.9115,19.783861,18.82874,15.475589,269.57166,12.884,0.021,12.193,0.028,11.764,0.02,11.388,0.023,10.891,0.023,,,6.995,0.192,,,,,AAA,0000,AAXB,FALSE,,,,,
152118881108855680,2MASS 04244506+2701447,AllWISE J042445.06+270144.3,,66.18781424560488,27.02898385157661,8.419223921535403,-26.77080858,128.9510025388466,1.0342515,0.165,1.0637792,14.545328,1154.7877,16.3461,179.34456,13.26869,576.6675,11.34,0.021,10.714,0.027,10.458,0.022,10.327,0.024,10.121,0.025,9.771,0.14,8.269,,,,,,AAA,0000,AABU,FALSE,,,,,
152180831716415488,2MASS 04284263+2714039,AllWISE J042842.63+271403.4,,67.17766427495565,27.234215242492333,9.080319328085364,-26.20114162,140.73064455325488,1.6524935,,1.2887887,17.493898,93.50465,,,,,12.108,0.021,11.068,0.016,10.455,0.02,9.836,0.023,9.404,0.021,8.103,0.026,6.15,0.062,,,,,AAA,0000,AAAA,FALSE,,,,,
152226491513195648,2MASS 04245708+2711565,AllWISE J042457.08+271156.2,,66.23788485854425,27.19892091401957,8.308487782706937,-26.54146401,129.37962136441723,1.2280531,-4.0505,1.3002605,12.423383,218.40723,13.429895,57.787533,11.4066,78.10345,9.781,0.021,8.893,0.017,8.349,0.018,7.711,0.028,7.265,0.019,5.436,0.02,3.578,0.042,,,,,AAA,0000,AAAA,FALSE,,,,,
152293149405058816,2MASS 04214631+2659296,AllWISE J042146.31+265929.2,,65.44301961014511,26.991417483747444,11.43152590012564,-18.56428266,163.03451817988824,1.0212778,,1.0549495,18.623758,445.75262,21.203493,6.5663486,17.036503,129.62564,13.823,0.024,12.734,0.028,12.134,0.02,11.76,0.023,11.237,0.023,9.416,0.064,7.597,0.268,,,,,AAA,0000,AAAB,FALSE,,,,,
152305248330621184,2MASS 04213459+2701388,AllWISE J042134.59+270138.5,,65.39419909683741,27.02734760572912,11.67844923434508,-17.1585077,164.3957693748305,1.07585,,1.0247577,16.435751,817.74365,19.416624,26.21644,14.814805,385.58197,11.895,0.026,10.965,0.027,10.437,0.018,10.078,0.024,9.612,0.021,8.41,0.034,7.26,0.192,,,,,AAA,0000,AAAB,FALSE,,,,,
152349022637314176,2MASS 04202555+2700355,AllWISE J042025.56+270035.4,,65.10654342179186,27.00979593067304,11.17457108216588,-17.69594709,165.6681645117317,0.9324046,,0.92053306,17.017834,933.8201,19.874855,19.85404,15.534047,429.06998,12.861,0.02,12.006,0.025,11.508,0.024,11.17,0.023,10.668,0.02,8.671,0.033,6.123,0.061,,,,,AAA,0000,AAAA,FALSE,,,,,
152362491654557696,2MASS 04203918+2717317,AllWISE J042039.19+271731.5,,65.16334266958735,27.29204541176325,10.498499668188323,-25.96725184,133.03314899819446,1.1278782,0.1519,1.3866776,13.720691,547.7489,15.489275,133.78467,12.449873,210.72441,10.497,0.02,9.863,0.025,9.56,0.019,9.5,0.024,9.301,0.021,9.177,0.04,8.037,,,,,,AAA,0000,AAAU,FALSE,,,,,
152511475478780416,2MASS 04215563+2755060,AllWISE J042155.64+275505.8,,65.48186504102615,27.91826356803018,10.623899909372131,-27.19822309,128.0217542529918,1.0111264,,1.3873972,11.905457,967.79034,13.066951,198.86586,10.805579,446.64148,9.18,0.022,8.273,0.018,7.799,0.018,7.076,0.047,6.538,0.022,4.895,0.016,2.725,0.024,,,,,AAA,0000,AAAA,FALSE,,,,,
152516079683687680,2MASS 04230607+2801194,AllWISE J042306.08+280119.2,,65.77537447008588,28.02197987319352,8.800101653321983,-26.32167152,129.5613409451328,0.88392127,,1.0355937,16.181484,439.2077,18.629398,21.858238,14.730261,218.22577,12.242,0.021,11.611,0.022,11.202,0.017,10.822,0.025,10.273,0.023,8.646,0.055,6.347,0.153,,,,,AAA,0000,AAAB,FALSE,,,,,
152518828462749440,2MASS 04230776+2805573,,,65.78244861748415,28.099177754239854,9.824942111251444,-26.70986082,131.60710752538822,1.0437137,-3.028,1.252797,17.149744,100.31715,18.44439,15.102466,15.711675,16.342505,13.179,0.021,11.6,0.024,10.413,0.018,,,,,,,,,,,,,AAA,,,FALSE,,,,,
152643240779301632,2MASS 04290068+2755033,AllWISE J042900.68+275503.0,,67.25289492163434,27.91747073124446,8.964441641568396,-25.68630074,134.41775091527458,0.84905446,,1.0329396,18.417896,264.9716,20.936546,7.05109,16.882233,91.418175,14.016,0.025,13.325,0.028,12.853,0.025,12.489,0.023,11.925,0.024,10.013,0.078,8.343,,,,,,AAA,0000,AAAU,FALSE,,,,,
156728858488206080,2MASS 04584626+2950370,AllWISE J045846.26+295036.7,GALEX J045846.1+295035,74.69279709310177,29.843495814863648,4.660835771287032,-25.16826035,156.21482844322315,0.54320395,,1.0086731,7.6539664,1434.485,7.739581,690.0379,7.4561844,519.96814,6.865,0.021,6.262,0.033,5.527,0.021,4.868,0.184,3.926,0.174,1.665,0.029,0.056,0.015,13.3268,0.0063,12.6352,0.0027,AAA,0000,BBAA,FALSE,-0.419961214,2.3558208739757536,1.7484624183177946,0.607358456,1.0599997495412827
156842486140929024,2MASS 04555288+3006523,AllWISE J045552.90+300652.1,,73.97046935337802,30.11445884315863,13.76844449420117,-10.69427928,160.85624145857412,0.5200805,,1.1839367,15.198001,855.52985,17.367596,119.982124,13.841524,325.26627,11.645,0.021,11.034,0.016,10.734,0.019,10.571,0.023,10.316,0.021,10.032,0.067,8.604,,,,,,AAA,0h00,AAAU,FALSE,,,,,
156900622818205312,2MASS 04553695+3017553,AllWISE J045536.96+301754.8,GALEX J045537.0+301756,73.90406302657443,30.298531794590684,4.508531249207048,-24.17749131,157.23697876691412,0.6033857,,0.9673858,10.340373,1633.4154,10.885591,451.02002,9.635982,646.08484,8.87,0.019,8.318,0.02,8.148,0.019,8.059,0.023,8.062,0.019,7.972,0.02,7.109,0.105,20.1922,0.1621,17.3861,0.0271,AAA,0000,AAAA,FALSE,0.4962977170944214,6.924608861207963,4.208735619783402,2.7158732414245605,0.4242558748722072
156900966415569920,2MASS 04554969+3019400,AllWISE J045549.70+301939.7,,73.95711059871446,30.327672731062844,4.579030965425065,-23.59410695,163.13240443352905,0.6655092,,1.044657,16.60512,1105.341,19.01648,36.632633,15.171763,485.15366,12.811,0.024,12.232,0.023,11.861,0.023,11.503,0.023,11.168,0.022,10.017,0.083,8.125,0.34,,,,,AAA,hhh0,AAAB,FALSE,,,,,
156901138214266112,2MASS 04554535+3019389,AllWISE J045545.35+301938.6,,73.93898753449334,30.327350134621312,4.053752405472098,-25.51368082,157.19707838903486,0.67596877,0.3927,1.0768222,14.70695,891.5761,16.58073,162.44577,13.406163,297.5034,11.44,0.022,10.787,0.016,10.462,0.019,10.137,0.023,9.641,0.021,8.115,0.023,6.5,0.078,,,,,AAA,ddd0,AAAA,FALSE,,,,,
156915290131026816,2MASS 04552333+3027366,AllWISE J045523.33+302736.3,,73.84723510120743,30.46003849208665,4.741745765,-24.95963854,160.88607071389566,0.9552485,,1.0056238,17.161633,803.4128,19.977198,16.678812,15.683247,262.31445,13.062,0.024,12.384,0.023,11.966,0.021,11.702,0.023,11.39,0.022,11.123,0.166,8.496,,,,,,AAA,00dD,AABU,FALSE,,,,,
156916325218569856,2MASS 04554820+3030160,AllWISE J045548.20+303015.7,,73.95086531796017,30.50431733422876,3.885405284433348,-24.49052618,157.9016576666656,0.9569922,,0.9893398,15.189716,1699.3229,17.083374,240.1081,13.888726,437.4525,11.893,0.022,11.222,0.022,10.948,0.018,10.778,0.023,10.583,0.02,10.768,0.152,8.589,,,,,,AAA,hhDH,AABU,FALSE,,,,,
156917493449670656,2MASS 04554582+3033043,,,73.94104529388767,30.551085459021337,4.018441240783822,-24.02653396,155.94032716378226,0.9392995,,1.3687904,7.1112337,1055.1656,7.16187,331.50726,6.891851,393.8724,5.936,0.018,5.062,0.02,4.23,0.016,,,,,,,,,,,,,AAE,,,FALSE,,,,,
157015075106952832,2MASS 04554046+3039057,AllWISE J045540.46+303905.4,,73.91861742175472,30.651453011441784,4.446059056538844,-24.01644352,153.8478170908062,0.9436075,,1.0543199,16.318495,1345.5658,18.53121,53.694756,14.941913,489.97894,12.716,0.019,12.071,0.022,11.773,0.02,11.583,0.024,11.332,0.022,11.009,0.156,8.595,,,,,,AAA,0000,AABU,FALSE,,,,,
157018884742748032,2MASS 04555636+3049374,AllWISE J045556.36+304937.2,,73.98488624290414,30.82694970821222,4.922030362967201,-24.93004782,151.10236089329317,0.7960557,,1.3295115,15.483146,1367.6516,17.620686,134.82533,14.131512,680.9215,12.003,0.019,11.397,0.016,11.092,0.018,10.905,0.024,10.648,0.021,10.386,0.094,8.695,,,,,,AAA,0000,AAAU,FALSE,,,,,
162541942104406784,2MASS 04034997+2620382,AllWISE J040349.98+262038.0,,60.95832249203248,26.34386176371138,14.435074693499002,-19.2681911,143.45054571608404,0.2663593,,1.049943,16.958754,753.67706,19.362896,31.022343,15.549146,366.6891,13.28,0.027,12.659,0.032,12.337,0.021,12.131,0.023,11.873,0.022,11.595,0.259,8.655,,,,,,AAA,dd00,AABU,FALSE,,,,,
162757545164429696,2MASS 04144730+2646264,AllWISE J041447.31+264626.2,GALEX J041447.2+264625,63.69714187092417,26.773903297413405,8.989825384713045,-22.65751395,127.48442174432869,0.37339842,,1.2507628,12.721832,694.1444,14.058402,144.53273,11.568479,360.2615,9.897,0.021,9.175,0.022,8.873,0.019,8.404,0.023,7.95,0.02,6.488,0.015,4.397,0.028,20.782,0.2156,19.8231,0.1034,AAA,0000,AAAA,FALSE,2.005661219358444,8.058031067,7.157131656885147,0.9008994102478028,0.8325967302322397
162758236656524416,2MASS 04144786+2648110,AllWISE J041447.86+264810.8,GALEX J041447.8+264811,63.69946656377208,26.802959555085614,8.744641221565779,-22.52993572,126.7349195717602,0.3927228,,1.178589,12.6005945,1420.0181,13.880612,235.49196,11.474722,676.9016,9.867,0.022,9.054,0.024,8.807,0.019,8.519,0.024,8.055,0.02,5.667,0.015,3.411,0.023,21.1359,0.2575,20.3285,0.1357,AAA,0000,AAAA,FALSE,1.9033809900283811,8.335410399913787,7.588197036266326,0.7472133636474609,0.8613845458626752
162967384383246336,2MASS 04155799+2746175,AllWISE J041558.00+274617.1,,63.99170918430373,27.77137256330591,8.940077511223224,-24.43752872,133.16180069247673,1.247856,,1.0271418,15.669778,106.64907,18.099197,27.961191,14.244092,35.51005,11.745,0.021,10.985,0.024,10.524,0.021,9.869,0.022,9.344,0.02,7.505,0.017,5.822,0.045,,,,,AAA,0000,AAAA,FALSE,,,,,
163165738856771200,2MASS 04151471+2800096,AllWISE J041514.72+280009.1,,63.81138655684602,28.00249392817066,9.294902929767652,-25.35435425,128.7170449,1.3265455,,1.0893633,20.079441,204.19046,21.698305,7.173202,18.490765,30.331263,15.101,0.04,14.247,0.038,13.772,0.035,13.465,0.026,13.118,0.031,11.99,,8.959,,,,,,AAA,0000,AAUU,FALSE,,,,,
163177116226018944,2MASS 04144739+2803055,AllWISE J041447.40+280305.2,,63.697533593755054,28.051417251513147,10.385744729347486,-26.00466716,129.17842662757673,1.4328165,,1.2162701,14.264663,1688.0161,16.332113,227.65324,12.923571,931.89246,10.796,0.021,10.168,0.022,9.917,0.021,9.782,0.023,9.536,0.021,9.367,0.047,8.403,,,,,,AAA,000D,AAAU,FALSE,,,,,
163181342473839744,2MASS 04141760+2806096,AllWISE J041417.61+280609.4,,63.57341487256743,28.102576941308904,8.284508230609935,-23.60723034,134.61961783178845,1.6078467,-2.4923,1.0698967,15.663297,259.41687,17.543613,36.334167,14.321462,93.64982,11.726,0.021,10.584,0.022,9.877,0.021,9.13,0.023,8.262,0.02,5.525,0.015,3.532,0.021,,,,,AAA,0hhh,AAAA,FALSE,,,,,
163182888662060928,2MASS 04141188+2811535,,,63.54955532567206,28.19806335942306,7.599000239161034,-23.84000612,131.1961342944905,1.7559028,-1.4935,1.1517382,17.25695,96.93447,18.59751,17.529877,15.919241,41.36625,13.161,0.024,12.329,0.022,11.639,0.021,,,,,,,,,,,,,AAA,,,FALSE,,,,,
163184091252903936,2MASS 04141700+2810578,AllWISE J041416.99+281057.6,,63.570892174362506,28.18260533540041,8.143596527814433,-24.20631819,131.54901157669158,1.7517457,-3.8674,1.2576512,12.774684,31.849325,13.68733,9.348344,11.548272,11.7083235,9.557,0.022,8.243,0.027,7.127,0.023,5.798,0.134,4.968,0.101,3.512,0.014,1.687,0.019,,,,,AAA,0hhh,BAAA,FALSE,,,,,
163229544890946944,2MASS 04135328+2811233,,,63.47205850492416,28.189682389077262,8.859936588371843,-22.64962797,170.1100531794242,1.738188,,1.1123267,20.363964,166.00272,22.372744,2.8218496,18.645746,25.845058,13.639,0.024,11.521,0.024,10.37,0.019,,,,,,,,,,,,,AAA,,,FALSE,,,,,
163246832135164544,2MASS 04131414+2819108,AllWISE J041314.15+281910.5,GALEX J041314.1+281909,63.30902163570772,28.31952237441958,8.285252558469717,-24.26947586,127.4969131302162,1.5787556,,1.1407273,12.518961,901.3676,13.977729,209.2904,11.327399,328.884,9.638,0.022,8.867,0.017,8.625,0.019,8.582,0.024,8.473,0.02,8.396,0.025,8.543,0.35,,,20.5338,0.1457,AAA,0000,AAAB,FALSE,0.6122090816497803,,-0.75798713,,0.2074386363029479
164409359522965120,2MASS 04183030+2743208,AllWISE J041830.30+274320.4,,64.62630278,27.722285954427875,8.799644487816703,-26.56919381,128.02816848284849,1.2879814,,1.0311905,15.526232,1595.4836,17.804367,117.77205,14.143869,781.38556,11.886,0.021,11.271,0.027,11.007,0.021,10.808,0.024,10.532,0.021,10.408,0.09,8.665,,,,,,AAA,dd00,AAAU,FALSE,,,,,
164445437248152832,2MASS 04202606+2804089,AllWISE J042026.07+280408.6,,65.10865183707922,28.06906506379548,8.321305516344843,-25.90950342,128.02534957712996,1.0065025,-0.3388,1.1751461,13.452111,1418.0533,14.90612,365.54495,12.267935,675.8137,10.612,0.021,9.949,0.022,9.697,0.018,9.476,0.023,9.054,0.019,6.561,0.016,3.685,0.024,,,,,AAA,0000,AAAA,FALSE,,,,,
164470794735041152,2MASS 04161885+2752155,AllWISE J041618.86+275214.9,,64.07861799961792,27.87082706,8.351592090652737,-24.42802478,135.10595357839398,1.6276183,,1.1571229,16.896343,749.6447,20.149055,13.715422,15.377948,317.33838,12.546,0.02,11.78,0.025,11.353,0.02,11.077,0.022,10.745,0.02,10.591,0.094,8.771,0.526,,,,,AAA,0000,AAAC,FALSE,,,,,
164474986623118592,2MASS 04161210+2756385,AllWISE J041612.11+275638.2,,64.05049393377813,27.94391103430514,8.734824949478167,-24.98964036,134.6626876873973,1.7515664,0.1589,0.87999624,16.127575,84.899,18.794693,26.115702,14.671646,30.262817,12.268,0.021,11.112,0.027,10.335,0.018,9.436,0.023,8.796,0.02,7.701,0.019,5.531,0.041,,,,,AAA,0000,AAAA,FALSE,,,,,
164495323291866624,2MASS 04185115+2814332,AllWISE J041851.15+281432.9,,64.71317766039152,28.24247288210963,8.481457634974223,-24.68832139,128.7484406212524,2.6863096,0.7972,0.9847202,18.274607,583.2552,20.810696,7.4670687,16.750143,159.39322,13.925,0.025,13.241,0.029,12.753,0.021,12.426,0.024,12.095,0.025,11.761,0.356,8.511,,,,,,AAA,00HH,AABU,FALSE,,,,,
164504467278644096,2MASS 04192625+2826142,,,64.85948866,28.437181022877223,8.051876896127444,-25.49327012,129.29528525407594,1.6753889,-1.0492,1.32678,12.205316,171.94626,13.280216,46.263348,11.150341,65.18036,9.502,0.021,8.648,0.02,8.424,0.017,,,,,,,,,,,,,AAA,,,FALSE,,,,,
164506116546058112,2MASS 04174955+2813318,AllWISE J041749.56+281331.4,,64.45653064,28.225379753694803,8.799514677184822,-25.18236715,135.80619945420543,2.2532835,0.4938,1.1042302,16.51121,153.27765,18.508036,24.561394,15.128514,54.89302,11.889,0.021,11.14,0.022,10.792,0.019,11.384,0.023,10.501,0.022,8.033,0.02,6.002,0.049,,,,,AAA,0000,AAAA,FALSE,,,,,
164507353496637952,2MASS 04183112+2816290,,,64.62974065975709,28.274652678775333,7.277798309728368,-24.9283175,126.70390531510488,3.7488928,,1.2754211,13.85413,61.79969,14.838752,21.132797,12.305937,26.742727,9.83,0.021,8.682,0.02,7.878,0.02,,,,,,,,,,,,,AAA,,,FALSE,,,,,
164513400810646912,2MASS 04184250+2818498,AllWISE J041842.50+281849.7,,64.67714149055452,28.313757319390863,10.815919537450768,-24.77288823,134.5633547314881,6.155818,-0.0968,1.2045562,17.401608,407.46127,20.415867,11.237662,15.815636,287.41763,11.924,0.021,10.095,0.022,9.257,0.017,8.824,0.022,8.429,0.019,5.933,0.016,3.132,0.005,,,,,AAA,ddHH,AAAA,FALSE,,,,,
164514053645658752,2MASS 04190197+2822332,AllWISE J041901.98+282232.9,,64.75828535176076,28.375793492843165,9.306774849,-25.81017908,132.16272096672628,4.8746624,,0.9462138,16.929617,589.2339,19.957125,11.892384,15.374276,197.8773,11.989,0.021,10.785,0.024,10.153,0.018,9.87,0.024,9.472,0.02,9.337,0.045,8.78,0.541,,,,,AAA,00hH,AAAC,FALSE,,,,,
164518589131083136,2MASS 04183110+2827162,AllWISE J041831.11+282715.7,,64.62966192674749,28.45437607930593,8.846415731346589,-25.12935439,129.36138743161166,4.0997143,-0.4079,1.1717143,10.3304615,355.34695,11.041237,100.5284,9.494619,136.63466,8.449,0.018,7.789,0.021,7.629,0.026,7.355,0.036,7.3,0.019,7.243,0.021,7.717,0.195,,,,,AAA,00oO,AAAB,FALSE,,,,,
164519276325850752,2MASS 04181710+2828419,AllWISE J041817.11+282841.6,,64.57131778826388,28.47820014386439,7.687068676122575,-25.50065589,127.39001393628004,2.8363442,,1.1232134,18.089771,496.14767,20.902613,7.4126687,16.488611,171.09192,12.954,0.022,11.659,0.022,10.958,0.017,10.508,0.024,9.811,0.02,8,0.021,6.11,0.061,,,,,AAA,0000,AAAA,FALSE,,,,,
164530511961426176,2MASS 04214013+2814224,AllWISE J042140.15+281422.1,,65.41731176595617,28.239485664500904,8.849142187100417,-25.78871387,125.34210597087556,0.8650397,,1.0533283,15.483938,634.6125,17.724216,90.28133,14.114591,200.79364,11.926,0.024,11.337,0.028,11.029,0.022,10.829,0.024,10.564,0.022,10.589,0.163,7.757,,,,,,AAA,0000,AABU,FALSE,,,,,
164536250037820160,2MASS 04215884+2818066,AllWISE J042158.85+281806.0,,65.49524661321361,28.301691617649134,8.836782471533684,-26.42611944,127.0089853063221,0.8202902,-0.2052,0.92538327,8.803473,1061.6833,9.243166,320.41742,8.182459,412.71005,7.414,0.029,7.008,0.026,6.869,0.023,6.76,0.073,6.773,0.024,6.759,0.017,6.624,0.141,,,,,AAA,0000,AAAB,FALSE,,,,,
164546038266077824,2MASS 04202583+2819237,AllWISE J042025.84+281923.4,,65.10769863,28.323172403471425,9.698283933972874,-25.9335764,141.83420467527668,1.081708,,1.1727189,19.064915,71.81414,20.333384,16.637026,17.742622,21.757198,15.327,0.039,13.422,0.026,11.718,0.021,9.446,0.024,8.417,0.02,6.064,0.015,4.017,0.028,,,,,AAA,0000,AAAA,FALSE,,,,,
164593115404749440,2MASS 04201611+2821325,AllWISE J042016.11+282132.2,,65.06718826779105,28.358920314826907,8.571636991186278,-25.24017486,131.28651794562336,1.1810853,0.7952,1.0969613,17.845812,452.20755,20.427422,16.24707,16.348291,138.88675,13.779,0.028,13.122,0.033,12.552,0.025,12.03,0.023,11.463,0.024,9.806,0.058,8.307,0.367,,,,,AAA,0000,AAAC,FALSE,,,,,
164598303725828608,2MASS 04193545+2827218,,,64.89779170741166,28.455964293302586,8.864646817043829,-25.46091654,126.48524505823752,1.4301481,,1.1001775,14.879822,735.82574,16.459309,70.01201,13.105035,402.35306,10.954,0.021,10.374,0.022,9.971,0.018,,,,,,,,,,,,,AAA,,,FALSE,,,,,
164666022471759232,2MASS 04162810+2807358,AllWISE J041628.11+280735.4,,64.11714710753598,28.126477139586125,7.090525607798386,-25.85378722,129.81844478247984,1.9023212,-1.5899,1.3780587,12.065443,151.18753,13.144193,38.21988,10.983386,60.78279,9.246,0.021,8.521,0.021,8.318,0.021,8.246,0.023,8.129,0.02,8.038,0.022,7.934,0.229,,,,,AAA,0000,AAAB,FALSE,,,,,
164684340508950144,2MASS 04153916+2818586,AllWISE J041539.17+281858.3,,63.91322841282823,28.31614973616533,9.546513199921948,-24.13731048,132.6429328694168,2.0477393,,1.21963,14.268743,388.47546,16.376118,92.11804,12.921928,136.3341,10.551,0.023,9.61,0.027,9.235,0.024,8.751,0.023,8.294,0.019,6.884,0.017,4.402,0.033,,,,,AAA,0000,AAAA,FALSE,,,,,
164702070133970944,2MASS 04174965+2829362,AllWISE J041749.66+282936.0,,64.45694247,28.493314291763927,6.9954299340432735,-24.17403668,130.97850733610557,2.4613864,-3.8415,1.2156107,14.471631,39.60806,16.447079,13.500132,13.161683,12.84064,11.02,0.021,9.733,0.027,9.081,0.019,8.554,0.022,7.855,0.019,5.525,0.017,3.796,0.029,,,,,AAA,0000,AAAA,FALSE,,,,,
164738521519622656,2MASS 04141458+2827580,AllWISE J041414.59+282757.9,GALEX J041414.6+282758,63.56085784984311,28.46602397,9.343932441,-23.83940971,129.89338581724377,1.2356182,,1.3202071,12.787397,604.5306,14.50109,123.78976,11.520418,240.90118,9.469,0.022,8.669,0.036,8.189,0.018,7.544,0.032,6.857,0.019,4.12,0.016,1.928,0.021,,,20.6235,0.1536,AAA,0000,AAAA,FALSE,1.423060655593872,,2.248221618,,0.6643585848808282
164800235906366976,2MASS 04154278+2909597,,,63.92834129141519,29.166539480549527,12.103513145729982,-18.14486849,160.0659605,1.082167,,1.3550289,13.981357,636.40753,15.594889,154.8182,12.738243,274.2201,10.709,0.029,9.756,0.03,9.376,0.028,,,,,,,,,,,,,AEA,,,FALSE,,,,,
164800820022316800,2MASS 04152409+2910434,AllWISE J041524.10+291043.2,,63.85047896573981,29.178667878316904,12.059471625395418,-18.4052447,160.5186536,1.0605241,,1.1659126,18.407856,431.19498,21.06482,5.1300855,16.794634,146.82005,13.683,0.024,12.882,0.027,12.357,0.027,12.074,0.023,11.746,0.023,11.612,0.243,8.882,,,,,,AAA,0000,AABU,FALSE,,,,,
3313381382679891456,2MASS 04325119+1730092,AllWISE J043251.21+173008.9,,68.21339731157924,17.50247011444624,11.991402540075644,-20.41555889,145.24860188917668,0.4378898,,1.1194257,19.387337,260.90704,21.273153,6.103941,17.850986,70.78057,14.691,0.031,13.988,0.037,13.556,0.038,13.29,0.025,12.947,0.034,11.892,,8.722,,,,,,AAA,0000,AAUU,FALSE,,,,,
3314132593936245248,2MASS 04323028+1731303,AllWISE J043230.29+173130.1,,68.12621430920348,17.525034009136746,13.179530344104982,-20.46101066,145.48157085155293,0.45802683,,1.109948,14.937664,1053.4583,17.177685,85.49286,13.482122,152.19492,11.067,0.024,10.394,0.023,9.973,0.021,9.325,0.052,8.72,0.045,6.61,0.033,4.019,0.026,,,,,AAA,dddd,AAAA,FALSE,,,,,
3314236974524627712,2MASS 04334171+1750402,AllWISE J043341.73+175039.9,,68.42392303162403,17.84439570855672,12.587381332697408,-19.65101159,144.8603788800927,0.45529366,0.1759,1.1529992,14.592333,965.5946,16.509933,198.59004,13.285886,352.60944,11.274,0.021,10.644,0.024,10.313,0.018,10.08,0.023,9.751,0.021,8.398,0.029,6.397,0.078,,,,,AAA,00hh,AAAA,FALSE,,,,,
3314244366165299584,2MASS 04333278+1800436,,,68.38676067816063,18.012031815572858,13.704318419306498,-18.17822457,146.16235158183602,0.49236423,-0.2602,1.2534454,13.534494,461.63663,14.875643,51.495102,12.354718,134.59172,10.572,0.028,9.929,0.026,9.603,0.024,,,,,,,,,,,,,AAA,,,FALSE,,,,,
3314251749212034816,2MASS 04320926+1757227,AllWISE J043209.28+175722.5,,68.03873801181662,17.956217581659516,11.755677922610731,-19.38612343,143.52619189784838,0.5438681,,1.3389143,11.647849,490.94196,12.395902,137.50774,10.790235,190.06729,9.699,0.02,9.056,0.023,8.85,0.018,8.749,0.023,8.722,0.021,8.643,0.037,8.203,,,,,,AAA,0000,AAAU,FALSE,,,,,
3314258591096887552,2MASS 04324373+1802563,AllWISE J043243.74+180256.1,,68.18229065505332,18.048893152514104,12.044080379809804,-18.4201367,147.97405771937414,0.45788643,,1.1557726,12.400809,839.42737,13.329851,231.29866,11.447819,349.80676,10.159,0.024,9.46,0.03,9.308,0.019,9.155,0.023,9.169,0.021,9.029,0.048,8.184,,,,,,AAA,0000,AAAU,FALSE,,,,,
3314258999116827776,2MASS 04321583+1801387,AllWISE J043215.84+180138.5,,68.06605336191764,18.02734529,12.029018231920588,-19.22408823,143.66290884637013,0.61126316,,1.0647643,11.178263,1092.4794,12.029852,293.3204,10.2645645,426.12585,9.068,0.027,8.43,0.073,8.247,0.033,8.06,0.024,8.027,0.021,7.957,0.029,7.684,0.243,,,,,AAA,0000,AAAB,FALSE,,,,,
3314299238667410176,2MASS 04312405+1800215,AllWISE J043124.06+180021.2,,67.85028977241991,18.005872798772085,10.497349385311312,-19.68038934,145.95843476832485,0.91696304,,1.0476182,15.983569,492.7568,18.845398,35.181194,14.476712,143.33092,11.653,0.031,10.923,0.033,10.567,0.022,10.37,0.023,10.053,0.022,9.818,0.095,8.064,,,,,,AAA,0000,AAAU,FALSE,,,,,
3314309890186259712,2MASS 04321606+1812464,AllWISE J043216.07+181246.2,,68.06700096824186,18.21280623608636,12.71908703609386,-17.57443282,148.50975801260824,0.710122,,1.1251842,15.020603,311.8385,17.26577,21.227709,13.612715,152.50603,11.07,0.026,10.39,0.03,10.063,0.022,9.602,0.023,9.03,0.021,7.035,0.018,5.676,0.071,,,,,AAA,0000,AAAA,FALSE,,,,,
3314326760817782528,2MASS 04315968+1821305,AllWISE J043159.69+182130.3,,67.99875150640602,18.358357202481407,10.592576794693604,-17.59143376,151.44129778083678,0.760113,0.4303,1.3149018,16.807396,42.526527,18.315632,17.965483,15.469044,14.272968,12.256,0.022,10.922,0.025,10.036,0.018,8.998,0.022,8.062,0.019,6.603,0.019,4.582,0.035,,,,,AAA,hh00,AAAA,FALSE,,,,,
3314326829537259648,2MASS 04315779+1821380,,,67.99085516558969,18.36046253660427,11.899525312861726,-17.62466724,145.95098652620422,0.7601501,-4.0481,1.2595276,13.021844,253.96832,14.145277,37.62179,11.855432,102.66548,9.279,0.032,9.107,0.03,8.654,0.025,,,,,,,,,,,,,AAA,,,FALSE,,,,,
3314328822401984768,2MASS 04311578+1820072,AllWISE J043115.79+182006.9,,67.81582726,18.33521645844871,12.511904775729288,-18.00687109,142.4039811756722,0.7665405,0.1736,1.3471365,14.429278,1600.2665,16.252138,290.6725,13.14845,892.41956,11.21,0.024,10.553,0.03,10.304,0.018,10.16,0.023,9.968,0.023,9.685,0.085,7.798,,,,,,AAA,0000,AAAU,FALSE,,,,,
3314351053152780032,2MASS 04322210+1827426,AllWISE J043222.11+182742.5,,68.09218287319834,18.461764099580304,12.47352178674231,-18.692913,145.61998967145803,0.61212146,,1.2171886,15.271538,823.5281,17.35717,108.71601,13.904238,337.7666,11.711,0.029,11.019,0.039,10.649,0.024,10.197,0.023,9.739,0.019,8.501,0.029,6.616,0.096,,,,,AAA,0000,AAAA,FALSE,,,,,
3314352530621527296,2MASS 04322627+1827521,AllWISE J043226.28+182751.9,,68.10954348420361,18.464409363620828,11.57863201608112,-17.31431475,147.83371896477067,0.5974193,,1.0665565,14.625847,1056.9276,16.755707,141.40584,13.275761,390.92966,11.117,0.026,10.374,0.035,10.173,0.022,10.028,0.023,9.791,0.02,9.622,0.067,8.634,,,,,,AAA,0000,AAAU,FALSE,,,,,
3406087053469332352,2MASS 04484189+1703374,AllWISE J044841.89+170337.1,,72.1745762,17.06028613110347,5.002947447241961,-13.76649928,202.56346067759023,0.64723617,,1.1184741,17.67715,609.60486,20.502539,12.068642,16.185934,285.18298,13.521,0.021,12.925,0.026,12.487,0.023,12.252,0.023,11.939,0.023,11.856,0.373,8.898,,,,,,AAA,0000,AACU,FALSE,,,,,
3406269842981827712,2MASS 04465305+1700001,AllWISE J044653.06+170000.0,,71.72109581024823,16.99997872,4.905714389771368,-13.2956367,195.3814176009444,0.9780151,-1.4744,1.0482538,12.456193,346.84897,13.692628,105.92683,11.341759,124.31599,9.511,0.021,8.544,0.02,7.981,0.021,7.085,0.04,6.423,0.024,4.337,0.013,2.252,0.018,,,,,AAA,0000,AAAA,FALSE,,,,,
3408923003195121024,2MASS 05064662+2104296,AllWISE J050646.63+210429.4,,76.69434004248657,21.07481041275328,12.870329941855704,-20.63661979,159.73125583403112,0.53872997,,1.0952997,15.554517,604.5664,17.745941,68.17622,14.188078,199.32452,12.05,0.024,11.407,0.023,11.114,0.018,10.899,0.023,10.649,0.02,10.431,0.085,8.502,,,,,,AAA,0000,AAAU,FALSE,,,,,
3419134438264747648,2MASS 05071206+2437163,AllWISE J050712.06+243716.2,GALEX J050712.0+243716,76.80030001,24.62113773868718,3.3608267338609554,-17.0663799,170.04281640990865,0.5542298,-0.5137,1.0494266,12.33719,236.33315,13.162524,66.37678,11.417595,90.09367,10.141,0.022,9.49,0.016,9.297,0.017,9.226,0.023,9.197,0.02,9.03,0.039,8.219,,,,19.8903,0.1076,AAA,hh00,AAAU,FALSE,1.023712396621704,,5.625447991132736,,0.5589410545825952
3419288030590780416,2MASS 05075496+2500156,AllWISE J050754.96+250015.4,GALEX J050754.8+250016,76.97904055941467,25.00425512514577,2.9919524573326424,-17.29625015,169.94775242038125,0.5743191,-0.3735,1.147599,14.396586,733.11755,15.874077,106.86891,13.192104,353.1237,11.415,0.021,10.705,0.021,10.4,0.018,10.18,0.022,9.791,0.022,7.876,0.021,5.953,0.049,,,21.0627,0.2529,AAA,0000,AAAA,FALSE,1.9405672550201416,,5.408412209749223,,0.7219616615772235
3419962546614118144,2MASS 05044139+2509544,AllWISE J050441.39+250954.3,GALEX J050441.4+250955,76.17250009,25.16508652458541,2.379331393922885,-16.97927496,169.00589642271913,1.2113008,0.1438,1.2110738,14.382945,134.68965,16.002184,33.491978,13.121835,46.665165,10.913,0.024,10.011,0.03,9.597,0.019,9.217,0.023,8.791,0.019,7.282,0.019,5.152,0.034,,,20.9204,0.1916,AAA,0000,AAAA,FALSE,1.3405969142913818,,1.2032375211715696,,0.7074172947406776
3420008412568724736,2MASS 05030659+2523197,AllWISE J050306.59+252319.5,,75.77750987241083,25.38870271630297,2.991267416918191,-17.30379994,166.99378548199718,0.9465754,-0.8192,1.1687304,12.642465,143.72931,13.712414,41.260586,11.601983,49.50316,9.913,0.023,9.077,0.029,8.595,0.019,8.191,0.023,7.725,0.02,5.924,0.016,3.855,0.024,,,,,AAA,0000,AAAA,FALSE,,,,,
3406056232784065280,2MASS J04510713+1708468*,AllWISE J045107.14+170846.5,GALEX J045107.1+170846,72.77977787634906,17.146205059516234,8.746498414645488,-25.34445019,146.78404829503194,0.51445645,0.1421,1.1217465,14.790574,785.02435,16.592764,135.32443,13.510343,337.51105,11.422,0.026,10.742,0.03,10.454,0.018,10.46,0.023,10.239,0.022,10.145,0.074,8.926,,20.1283,0.2209,19.3034,0.0748,AAA,0001,AAAU,TRUE,2.4132283329963684,4.799764802932739,4.055015256881713,0.7447495460510254,0.7035033904314041
3417967688925113344,2MASS J05240794+2542438*,AllWISE J052407.93+254243.5,GALEX J052407.9+254244,81.03309628183443,25.712052129254317,3.6196055329336576,-25.8380072,157.71757472297375,1.086542,0.1507,1.3678226,14.32792,243.74478,15.500954,34.23439,13.14348,140.58495,11.422,0.026,10.742,0.03,10.454,0.018,10.409,0.023,10.203,0.021,9.281,0.035,6.788,0.08,20.2418,0.1976,18.9452,0.0646,AAA,0000,AAAA,TRUE,0.9501103162765504,0.6040637998580927,-0.523973653,1.128037452697754,0.4117437653541564
