,star,Gaia DR3 ID,AllWISE ID,GALEX ID,ra,dec,distance,vsini,VSX Period,Av,fe_h,m_G,Gaia G flux_over_error,m_BP,Gaia BP flux_over_error,m_RP,Gaia RP flux_over_error,2MASS J,2MASS J error,2MASS H,2MASS H error,2MASS K,2MASS K error,WISE W1,WISE W1 error,WISE W2,WISE W2 error,WISE W3,WISE W3 error,WISE W4,WISE W4 error,GALEX FUV,GALEX FUV Error,GALEX NUV,GALEX NUV Error,Li Profile,H-alpha Profile,Ca II H Profile,Ca II K Profile,ALLWISE_ccf,ALLWISE_qph,leiner_class,updated_class,non_single_star,gaia_period_orbit,gaia_eccentricity,Gaia mean RV,Gaia_RV_err,Gaia N_transits,Gaia visibility_periods_used,mean_ground_RV,ground_RV_err,delta_RV,combined_RV_std,N_ground_obs,sigma,period,period_error
0,ZTF J012055.17+450752.0,397690027169628672,J012055.15+450752.0,GALEX J012055.2+450751,20.22989802135057,45.13109930192633,1278.252760095554,,19.6,0.21,-0.1374,13.969478,465.75458,14.659923,131.78044,13.169201,181.62553,12.061,0.023,11.422,0.021,11.235,0.018,10.995,0.022,11.004,0.019,10.889,0.078,8.849,,19.787900924682617,0.1622,19.6560001373291,0.1186000034213066,,,,,0000,AAAU,SSG,SSG,0,,,-25.816519,7.5101447,11.0,10.0,,,,,0,,,
1,CSS J075410.6+141829,654503129867566080,J075410.69+141828.5,GALEX J075410.6+141828,118.5445447633228,14.307919043848198,1446.344040984256,,5.6,0.1,-0.219,13.5673,125.816734,14.12602,38.804405,12.821387,50.025593,11.883,0.022,11.284,0.023,11.143,0.017,11.002,0.022,10.968,0.021,10.852,0.121,8.78,,17.534000396728516,0.0424,17.676700592041016,0.0287999995052814,,,,,d000,AABU,cut,SSG,0,,,34.388382,4.494503,17.0,11.0,,,,,2,,,
2,AD LMi,755517221614519808,J102622.67+374513.2,GALEX J102622.6+374513,156.59430088264716,37.753687957518295,186.4178737924433,,17.8,0.03,-0.0754,9.442951,851.0721,10.001666,266.85303,8.726802,353.1219,7.742,0.023,7.221,0.017,7.099,0.018,6.987,0.053,7.028,0.023,6.941,0.02,6.79,0.088,16.09950065612793,0.0311,15.799400329589844,0.0175000000745058,,,,,hH00,AAAA,cut,SSG,0,,,42.9927,3.3438952,31.0,15.0,,,,,2,,,
3,HD 57267,871136882231721600,J072132.82+260933.4,GALEX J072132.9+260932,110.38671581895238,26.15918964218921,467.2491182054069,,35.37,0.19,,7.1526604,487.19064,7.6314354,156.85643,6.5017786,167.59093,5.655,0.018,5.127,0.036,4.963,0.026,4.921,0.169,4.667,0.081,4.812,0.024,4.767,0.029,12.687700271606444,0.0043,12.444700241088867,0.0024000001139938,Yes,Absorption,Too Little Data,Too Little Data,HHH0,BAAA,RS,-999,0,,,1.1989115,10.905407,11.0,10.0,46.551199999999994,24.24428504149655,45.35228849999999,26.584079051360465,1,1.7059943439221397,36.216,0.0006
4,CSS J081117.6+360733,906058127442277248,J081117.61+360734.5,GALEX J081117.5+360735,122.82341623216344,36.12622457444471,683.1188700452624,,3.29,0.14,-0.5887,13.1815405,116.206375,13.814442,33.142193,12.383061,38.353878,11.301,0.022,10.655,0.022,10.502,0.019,10.441,0.023,10.415,0.02,10.27,0.074,8.687,,20.51160049438477,0.2668,19.450000762939453,0.0684999972581863,,,,,hh00,AAAU,SSG,SSG,0,,,11.965029,7.800264,14.0,11.0,,,,,0,,,
5,ZTF J141527.19+164234.7,1232279031219489792,J141527.19+164234.6,GALEX J141527.2+164234,213.86331697532407,16.709618153537107,685.9549040226445,,1.08,0.06,-0.2297,12.897329,830.90967,13.4243965,264.86,12.213857,263.2788,11.434,0.022,10.849,0.027,10.74,0.021,10.604,0.023,10.593,0.021,10.455,0.065,8.853,,19.78300094604492,0.2078,19.344200134277344,0.0957000032067298,,,,,0000,AAAU,RS,SSG,0,,,,,,,,,,,0,,,
6,ZTF J161259.34+250041.0,1303115931129472896,J161259.34+250040.8,GALEX J161259.3+250041,243.24724886340297,25.01135528579744,1226.2429332807578,,12.54,0.19,-0.1321,14.376841,650.6218,15.073069,172.47253,13.561401,246.14647,12.479,0.022,11.849,0.025,11.673,0.018,11.6,0.023,11.581,0.022,11.176,0.153,8.417,,21.945499420166016,0.3764,22.29780006408692,0.2989999949932098,,,,,0000,AABU,SSG,SSG,0,,,-16.293463,4.502314,70.0,25.0,,,,,1,,,
7,ZTF J162639.53+412116.7,1381075634865165568,J162639.53+412116.8,GALEX J162639.5+412117,246.66472576479592,41.35463639825454,1081.8820174405491,,18.02,0.02,-0.0546,14.127555,240.10356,14.728388,74.881966,13.354684,99.37115,12.385,0.022,11.802,0.022,11.648,0.02,11.567,0.023,11.597,0.021,11.522,0.171,9.207,,22.26639938354492,0.5008,21.649200439453125,0.2089000046253204,,,,,0000,AABU,cut,SSG,0,,,-12.585265,3.8613179,27.0,22.0,,,,,1,,,
8,ZTF J155936.55+394851.3,1382759605642657920,J155936.55+394851.3,GALEX J155936.6+394851,239.9022934,39.81423413036688,1776.2705581828222,,9.4,0.04,-0.519,14.707812,479.0097,15.155108,138.98805,14.090811,174.24284,13.279,0.022,12.808,0.021,12.704,0.022,12.639,0.023,12.638,0.023,12.587,0.262,9.161,,19.207599639892575,0.1179,19.13319969177246,0.0763999968767166,,,,,0000,AABU,RS,SSG,0,,,-21.129608,8.601279,18.0,15.0,,,,,2,,,
9,ZTF J154854.35+441305.1,1396587991586615296,J154854.35+441305.1,GALEX J154854.3+441304,237.2264868,44.218073143688464,946.6296072749744,,4.73,0.04,-0.1926,13.132852,265.66293,13.679363,76.69096,12.414112,97.283195,11.335,0.022,10.749,0.021,10.638,0.02,10.646,0.023,10.642,0.021,10.613,0.053,9.639,,19.96689987182617,0.1919,18.717199325561523,0.0707999989390373,,,,,0000,AAAU,RS,SSG,0,,,-109.75255,5.145484,21.0,17.0,,,,,0,,,
10,ZTF J173010.13+572439.7,1422377586571452032,J173010.13+572439.7,GALEX J173010.1+572437,262.54221209614184,57.41102213295884,1950.002313232124,,4.17,0.11,-0.1284,14.529231,288.5085,15.153136,83.05962,13.764557,113.651825,12.969,0.025,12.284,0.027,12.164,0.024,11.923,0.023,11.904,0.021,11.86,0.148,9.506,,21.46949958801269,0.4488,21.82979965209961,0.3995000123977661,,,,,0000,AABU,RS,SSG,0,,,,,,,,,,,1,,,
11,GSC 04196-02053,1642379516712248064,J162509.94+664539.2,GALEX J162509.8+664539,246.2914425368158,66.76088002140739,887.2535699217849,,2.88,0.09,-0.1902,12.810036,318.30716,13.430068,96.86826,12.04858,115.62075,10.898,0.019,10.295,0.019,10.163,0.022,10.061,0.022,10.051,0.02,9.846,0.036,9.145,0.388,16.275800704956055,0.0303,16.800100326538086,0.0206000003963708,,,,,0000,AAAC,cut,SSG,1,525.5443207320669,0.273308835716946,,,,,,,,,0,,525.5443207320669,10.39111042022705
12,29 Dra,1655646778064790528,J173241.11+741338.3,GALEX J173240.9+741340,263.17063429405675,74.22749068131633,85.93699777780678,8.14,26.74,0.09,-0.0535,6.2837353,409.32532,6.842404,119.44417,5.562939,138.55318,4.923,0.256,4.218,0.248,4.09,0.396,4.112,0.282,3.774,0.184,4.094,0.027,3.878,0.023,13.520400047302246,0.01,13.208100318908691,0.0035999999381601,Yes,Absorption,Normal Emission,Normal Emission,HHH0,BBAA,cut,SSG,1,881.5090597960923,0.1059615078121108,-11.974153,0.64611834,18.0,18.0,-10.024583333333334,0.4137803849198805,1.9495697021484375,0.7672568559646606,6,2.5409610271453857,881.5090597960923,6.733046531677246
13,ZTF J152141.81+771331.7,1708005315621055872,J152141.87+771331.7,GALEX J152141.9+771332,230.4243203058197,77.22546532014843,838.2337853428817,,0.95,0.1,-0.2067,13.263526,1697.4794,13.718025,412.55505,12.650164,587.33435,11.921,0.021,11.501,0.023,11.418,0.02,11.355,0.023,11.406,0.02,11.265,0.088,9.486,,19.646900177001957,0.1609,19.42480087280273,0.0930000022053718,,,,,0000,AAAU,RS,RS,0,,,-53.55576,1.2837129,21.0,17.0,,,,,0,,,
14,ZTF J220242.31+371932.1,1954946040857509504,,GALEX J220242.2+371931,330.6763010197499,37.32557383818124,1243.7966362065854,,1.09,0.43,,13.573131,1209.5946,14.078609,354.8782,12.901719,434.94412,,,,,,,,,,,,,,,19.162900924682617,0.1015,19.052099227905277,0.0768000036478042,,,,,,,RS,-999,0,,,18.31896,2.6910179,43.0,19.0,,,,,0,,,
15,CSS J181914.4+460139,2121296377700265344,J181914.38+460138.6,GALEX J181914.3+460138,274.8099788110458,46.02739041904387,867.5205467253884,,3.26,0.11,-0.0999,14.057354,336.5979,14.736882,101.59006,13.24848,136.73083,12.166,0.021,11.523,0.017,11.336,0.016,11.13,0.023,11.132,0.02,11.193,0.106,8.913,,21.29080009460449,0.3086,20.01210021972656,0.1318999975919723,,,,,0h00,AAAU,SSG,SSG,0,,,-77.51132,10.329735,20.0,19.0,,,,,0,,,
16,KIC 10337935,2129183449487791104,J192452.15+472548.6,GALEX J192452.1+472548,291.2173272553487,47.430154135449925,1538.4573331491788,,83.17,0.26,,13.762986,4005.3306,14.329644,973.68317,13.057325,1262.0294,12.162,0.023,11.679,0.021,11.555,0.017,11.439,0.023,11.528,0.021,11.325,0.098,9.408,0.464,20.741600036621097,0.2555,20.78689956665039,0.202000007033348,,,,,0000,AAAC,RS,-999,0,,,-4.5095615,1.3593315,29.0,25.0,,,,,1,,,
17,CSS J232332.4+045538,2660751378246429312,J232332.48+045538.5,GALEX J232332.5+045538,350.8853810036308,4.927385229753647,1060.981051144904,,2.21,0.18,-0.2514,13.737036,438.42868,14.357368,136.71246,12.964337,288.34897,11.986,0.024,11.395,0.026,11.246,0.025,11.164,0.023,11.16,0.021,11.233,0.165,8.894,,22.562700271606445,0.4838,21.452600479125977,0.2039999961853027,,,,,0000,AABU,SSG,SSG,0,,,-1.7989659,5.341899,9.0,8.0,,,,,0,,,
18,ZTF J005851.24+214610.2,2791414904845325696,J005851.24+214610.1,GALEX J005851.2+214611,14.71354863153855,21.76948105871493,1879.191252862364,,13.48,0.09,-0.424,15.200765,233.8162,15.7358055,65.28647,14.497979,90.62221,13.655,0.023,13.031,0.025,12.97,0.031,12.908,0.025,12.909,0.027,12.551,,8.864,,22.44499969482422,0.4267,22.26740074157715,0.3488000035285949,,,,,0000,AAUU,RS,SSG,0,,,,,,,,,,,0,,,
19,NSVS 14892045,3178786251609990656,J041911.60-120708.1,GALEX J041911.5-120708,64.79835918797268,-12.11895234,1181.403390896099,,16.5,0.1,-0.1592,13.379546,253.13582,13.906728,80.418,12.647906,92.86051,11.867,0.024,11.02,0.024,10.452,0.023,9.559,0.023,8.997,0.02,7.9,0.021,6.479,0.067,15.31060028076172,0.0212,15.921600341796877,0.0179999992251396,,,,,0000,AAAA,cut,SSG,0,,,11.665448,5.710042,15.0,12.0,20.413766666666668,0.1327756043522726,8.748318672180176,5.711585521697998,3,1.5316795110702517,,
20,ZTF J202601.69+045715.1,4246336931792668928,J202601.70+045715.1,GALEX J202601.7+045716,306.5070789025518,4.954191133760081,1753.932400935021,,4.87,0.2,,15.067057,555.3074,15.745629,162.53426,14.255965,189.99037,13.122,0.025,12.47,0.029,12.354,0.03,12.217,0.023,12.215,0.023,12.0,,8.52,,21.85919952392578,0.3778,22.29319953918457,0.3546999990940094,,,,,0000,AAUU,SSG,-999,0,,,,,,,,,,,0,,,
21,ZTF J173249.36+200428.7,4554179743529140992,J173249.35+200428.6,GALEX J173249.3+200428,263.20567738794904,20.074615621806785,1871.5148665957104,,25.17,0.17,-0.2237,14.217964,1090.9097,14.770513,263.38278,13.510162,375.51917,12.749,0.022,12.123,0.021,12.036,0.024,11.88,0.022,11.889,0.022,11.484,0.159,8.924,0.448,19.93099975585937,0.119,20.024099349975582,0.0798000022768974,,,,,0000,AABC,RS,SSG,0,,,27.226797,3.525573,31.0,17.0,,,,,1,,,
22,NV Eri,4884511622495522688,J041359.00-313239.9,GALEX J041359.2-313239,63.49588852,-31.54445002,447.5254656542402,,8.36,0.07,,10.487088,541.58746,10.985563,173.14877,9.821458,199.62173,8.88,0.032,8.362,0.044,8.227,0.027,8.17,0.023,8.191,0.02,8.072,0.02,8.091,0.207,12.627099990844728,0.0046,12.629599571228027,0.0028999999631196,,,,,0000,AAAB,cut,-999,3,269.7182345494019,0.641192671385192,-16.247633,5.158645,21.0,16.0,,,,,0,,269.7182345494019,1.5829209089279175
23,V0706 Pup,5567562330531287808,J062043.46-434945.5,GALEX J062043.4-434945,95.18111180922185,-43.82930996,1173.3012189848916,,31.36,0.11,-0.1604,10.356206,503.612,10.954684,144.26685,9.614586,182.26367,8.534,0.021,7.982,0.024,7.825,0.024,7.763,0.024,7.809,0.02,7.704,0.017,7.674,0.107,17.80470085144043,0.067,16.913000106811523,0.0272000003606081,,,,,dd00,AAAA,RS,RS,0,,,29.561129,1.5865396,17.0,14.0,,,,,0,,,
