,simbad_id,source_id,P_orb,P_orb_err,ecc,ecc_err,K1,K1_err,K2,K2_err,orb_class,M2_min (M1=1.0Msun),M2_min (M1=1.1Msun),M2_min (M1=1.2Msun),M2_min (M1=1.3Msun),M2_min (M1=1.4Msun),M2_min (M1=1.5Msun),updated_class
0,V* V494 And,381661101844556928,18.57992235612444,0.0043299845,0.324479680466962,0.01613272,24.323415164827622,0.3210703,,,SB1,0.34948075,0.36998835,0.38983428,0.4090936,0.42782778,0.44608787,SSG
1,ZTF J004533.87+424149.3,387451130075951360,5.2413501002547775,0.0011970537,0.1714830140543397,0.07456116,19.39565045779375,1.5475726,,,SB1,0.17342222,0.18416905,0.19457965,0.20469168,0.21453609,0.22413859,SSG
2,HD 106622,3596302668154124544,38.90596072751978,0.004508626,0.0151150262240561,0.00658703,22.04446016252396,0.16794887,,,SB1,0.4491984,0.4747898,0.4995452,0.5235598,0.5469116,0.56966525,RS
3,TYC  515-1687-1,4231689577188482176,46.701659109303634,0.020929564,0.1847719402404773,0.020340497,30.472927092842298,0.6727085,,,SB1,0.7298928,0.7683322,0.8054895,0.8415111,0.8765167,0.91060585,RS
4,HD  91353,5441212467222721152,37.38347996124362,0.0032812923,0.3424021083281233,0.0036873452,34.890499459169426,0.103002295,,,SB1,0.7465856,0.7857284,0.82356477,0.86024374,0.8958874,0.93059707,RS
5,CD-56  1450,5496053289715459200,17.899116586402563,0.001391262,0.0091565858552428,0.0092837745,17.38327840417172,0.20640947,,,SB1,0.24746077,0.2624423,0.27694824,0.29103222,0.3047382,0.31810272,RS
6,V* BD Cet,2429719078736046208,35.17114444132118,0.0018434987,0.0083019675425897,0.0031162149,32.73312177872244,0.10161431,,,SB1,0.72419757,0.76239544,0.79931974,0.8351157,0.8699023,0.9037785,RS
7,V* AN Scl,5029927429747497984,8.115895452430648,0.000104088766,0.0052126598010728,0.0032563382,40.27139140895569,0.14647034,,,SB1,0.49747854,0.5254268,0.55245763,0.57867557,0.6041662,0.6290008,RS
8,GSC 08369-01394,6702801691000981376,37.48477440375275,0.019333811,0.0307893222213016,0.029917179,36.43895917248663,1.0756978,,,SB1,0.86840814,0.91250134,0.95511717,0.9964238,1.036559,1.0756373,RS
9,ATO J322.1234+35.1936,1951294356586328064,34.64387821568555,0.0038575507,0.3544359603088333,0.021172892,39.29830955050229,1.2438357,,,SB1,0.8468798,0.89012086,0.9319139,0.9724238,1.0117855,1.0501117,RS
10,V* UY Equ,1743397083091392896,11.561452759932076,0.0031050101,0.0675594172973444,0.027665583,27.78486054485095,0.7034879,,,SB1,0.3616553,0.38279983,0.40326098,0.42311633,0.44242936,0.4612529,RS
11,ASAS J214117+2658.9,1800478504125784704,76.30163165026748,0.023608636,0.0390686765449109,0.008348389,29.37210231208492,0.117303975,,,SB1,0.8953875,0.9405353,0.98416954,1.0264624,1.067555,1.1075646,RS
12,V* FP Psc,2783161798769417600,13.511134300058586,0.004916206,0.0618401926709361,0.027795665,13.286696026381632,0.40856788,,,SB1,0.1641549,0.1743576,0.18424171,0.19384293,0.2031905,0.21230884,SSG
13,1RXS J051508.7+721810,498912918751087104,29.033608999191006,0.0041520493,0.010591689880645,0.013180718,18.521249407559814,0.23346335,,,SB1,0.32200804,0.34106117,0.359502,0.37739986,0.3948116,0.41178447,SSG
14,TYC 2781-1010-1,2880679649700656128,47.1759983163261,0.019819055,0.4322578342202077,0.01432145,21.12609314997553,0.50350815,,,SB1,0.4056617,0.4290703,0.45171803,0.47369143,0.4950613,0.51588655,RS
15,ATO J096.8433-20.1168,2939805956207978624,61.61483346572357,0.033626825,0.5651203211554752,0.018880768,38.90594469509429,1.3066019,,,SB1,0.91962725,0.9657102,1.0102476,1.0534153,1.095357,1.1361927,RS
16,BD-02   953,3205350624335681280,47.11005702395879,0.010708297,0.0137087884953379,0.0065294607,26.46620216436839,0.20019323,,,SB1,0.6188604,0.6524559,0.6849378,0.7164331,0.747046,0.77686286,RS
17,UCAC4 474-010129,3237099190089952768,42.733827561262174,0.021441666,0.1263621936796956,0.031995922,26.040839269620367,0.9433202,,,SB1,0.573894,0.6054423,0.63594806,0.6655304,0.69428664,0.72229767,RS
18,V* EL Eri,5181896326300508672,48.329698502134015,0.0070873043,0.0103847803015983,0.006004967,18.956927995787193,0.07146016,,,SB1,0.40721133,0.43069857,0.45342225,0.47546923,0.49691054,0.5178053,RS
19,ROTSE1 J184706.07+434032.7,2105255190248353792,18.859904322722223,0.003319671,0.0791575999230702,0.032060865,17.495504588492814,0.32133043,,,SB1,0.25346226,0.26877853,0.28360808,0.2980058,0.31201667,0.32567814,SSG
20,V* AK Vol,5275118007347610752,984.632039345775,4.4064713,0.4052202853105632,0.039808456,11.886501828108717,1.4014705,,,SB1,0.7323464,0.7708896,0.8081471,0.8442657,0.8793654,0.9135461,RS
21,V* V449 Car,5498766265938483712,44.72723035157629,0.019029755,0.0172340009922989,0.014740347,9.947626042313471,0.124016605,,,SB1,0.18575476,0.19722076,0.20832707,0.21911408,0.22961487,0.239857,RS
22,TYC 4216-800-1,2155975764713926784,33.5822202590473,0.0296623,0.0584886634089362,0.029118093,23.38940119059316,0.47352165,,,SB1,0.4540831,0.47991595,0.5049045,0.5291449,0.55271584,0.5756827,RS
23,UCAC4 489-047028,3097200805201566720,55.44706211741972,0.04852344,0.0500701190014959,0.022124339,14.282906864911372,0.37054476,,,SB1,0.3050854,0.32323045,0.3407939,0.35784158,0.37442738,0.39059615,RS
24,ROTSE1 J165150.69+095633.2,4447329031739753472,20.90468416564264,0.0062745544,0.1821033786974505,0.02360979,21.703557083194255,0.68442464,,,SB1,0.33468783,0.35441527,0.37350753,0.39203662,0.41006154,0.42763126,SSG
25,ASAS J081513+1644.6,655828900372514688,36.482222835296355,0.013687393,0.0413644026299404,0.022676397,30.20201526126183,0.5434858,,,SB1,0.6585896,0.693952,0.7281394,0.7612858,0.79350096,0.82487625,SSG
26,ASAS J194031+4345.3,2078114703489389184,52.25485930509783,0.05554945,0.4670840953722758,0.030073382,32.13223238648996,1.0980403,,,SB1,0.71463776,0.75242877,0.7889602,0.8243759,0.85879344,0.8923107,RS
27,V* IS Vir,3677941161701409792,23.659277573483315,0.0071183653,0.0083064398744504,0.0172731,6.493623811545357,0.12470763,,,SB1,0.09288676,0.098794684,0.10452122,0.11008654,0.1155072,0.12079699,RS
28,1RXS J075407.7-654137,5275486240664958592,15.242821601037644,0.0014793861,0.0290963511355285,0.011885286,22.42112191607887,0.22725058,,,SB1,0.31290728,0.3314732,0.34944332,0.3668851,0.38385376,0.40039524,RS
29,ASAS J204258+0616.5,1747980156794126848,53.19181758597198,0.01998789,0.4175587701524706,0.011775744,15.752750131202204,0.22462286,,,SB1,0.30134225,0.31928518,0.33665335,0.35351175,0.36991367,0.38590342,RS
30,ASAS J080715-6712.3,5274324915866445568,27.281535468260564,0.007370313,0.1093403542647971,0.024704693,30.97317793957583,0.6985847,,,SB1,0.59394026,0.6264075,0.6578004,0.6882414,0.71783113,0.74665284,RS
31,TYC 4542-848-1,1127566564608116608,74.54762035448692,0.05246064,0.1446015108591747,0.01744211,24.69937300162183,0.36611906,,,SB1,0.6836652,0.7201233,0.7553682,0.7895383,0.8227471,0.8550887,RS
32,ATO J261.7862+27.0039,4571134418985782912,31.060698111295903,0.021888163,0.3486301429181783,0.03656379,10.719768329614755,0.5022719,,,SB1,0.1641412,0.17434308,0.18422641,0.19382687,0.20317371,0.21229133,SSG
33,V* UV For,5038295950184756736,30.10530056482517,0.004198255,0.5000134088425584,0.012207141,12.631270434984057,0.30476376,,,SB1,0.1782871,0.18931831,0.20000401,0.21038297,0.22048694,0.2303424,SSG
34,V* GZ Psc,293812978938542592,25.94729423889719,0.0023836768,0.0075049708888384,0.005072466,24.8232769257456,0.11478841,,,SB1,0.44012424,0.46526524,0.48958582,0.5131793,0.53612226,0.5584781,RS
35,UCAC4 877-002783,1150099784109263104,34.607823353835045,0.023941636,0.1857341269743149,0.029505283,16.27336436012969,0.5807581,,,SB1,0.29000401,0.30733192,0.3241057,0.3403881,0.35623038,0.37167522,RS
36,V* FH Psc,2755776743691972736,34.73555992357602,0.0035875104,0.0113464665598287,0.0053575006,27.794130581952913,0.20280434,,,SB1,0.5769876,0.60867834,0.6393217,0.66903716,0.69792265,0.7260594,SSG
37,V* V486 And,2863827091383419264,7.1452097075799355,0.0009490202,0.1906795091592138,0.06872013,14.98730457367478,1.4623773,,,SB1,0.14571406,0.15482435,0.16365133,0.17222668,0.1805764,0.1887221,SSG
38,TYC 5163-1764-1,4229161701173443072,25.967352784224023,0.0079622185,0.0094704540432887,0.0173011,28.26020394253405,0.29855546,,,SB1,0.5194138,0.5484115,0.5764553,0.6036541,0.6300968,0.6558575,RS
39,TYC 4117-1290-1,1088088973274225280,35.76116707396408,0.0271453,0.0824777091351276,0.03793758,11.615339737367352,0.51475567,,,SB1,0.20254362,0.21497966,0.22702424,0.2387214,0.25010714,0.26121154,SSG
40,TYC 3501-1604-1,1364690605212439296,50.17110745000665,0.0060671633,0.0062290710175522,0.0047226045,39.56778782503643,0.16420819,,,SB1,1.1371009,1.1910865,1.2432606,1.2938275,1.3429549,1.3907827,SSG
41,HD  90018,5417525997464159104,51.21741770431786,0.005969485,0.0059857449842492,0.003714413,13.897771133101916,0.05403892,,,SB1,0.2867503,0.3039009,0.32050338,0.3366197,0.35230064,0.3675884,RS
42,TYC 4156-1375-1,863106873934915200,23.02326876731767,0.016611401,0.3265154468991051,0.031052066,19.728751446714895,0.5581901,,,SB1,0.29617527,0.31383848,0.33093628,0.3475327,0.3636801,0.379422,SSG
43,TYC 4428-785-1,1637769715430118528,55.45592147795735,0.07171491,0.2396299485384499,0.052693486,15.637705087067625,0.8041457,,,SB1,0.32860652,0.3480112,0.36679164,0.38501862,0.40275005,0.4200341,RS
44,ZTF J212037.06-035114.3,2684439772151746688,2.11844765525867,5.7150322e-05,0.0812370844736341,0.0375322,34.94140490821594,1.2644969,,,SB1,0.24281609,0.2575377,0.27179235,0.2856327,0.2991019,0.3122358,SSG
45,TYC 7222-557-1,3466031362263990912,57.62967306251208,0.009019697,0.0212015335213817,0.0067504845,27.29514925252647,0.20015565,,,SB1,0.70708376,0.7445517,0.7807714,0.8158851,0.85000974,0.8832421,RS
46,CD-51   139,4926158992652398720,57.47380890993601,0.00805371,0.4133529418899384,0.003377922,22.465689017345618,0.1063686,,,SB1,0.48191452,0.50911015,0.5354144,0.5609288,0.5857366,0.60990673,RS
47,TYC 3262-1653-1,389680699138908800,38.00642406249108,0.010249267,0.2762486869712031,0.018476402,30.259604898848657,0.5034215,,,SB1,0.6381275,0.6725847,0.70589834,0.7381989,0.7695932,0.80017006,RS
48,HD 161570,1349329916673137024,45.62336808911685,0.0027891255,0.0019459071421554,0.002867893,23.403953150839907,0.061466247,,,SB1,0.51897895,0.547956,0.5759798,0.60315925,0.62958324,0.6553257,RS
49,ASAS J163329+0403.0,4435007766997784832,38.05108895254039,0.04113511,0.070933553125987,0.026271416,8.911358067893099,0.24176617,,,SB1,0.15452713,0.1641611,0.17349489,0.18256208,0.19139023,0.2000023,RS
50,UCAC4 149-012311,5291028971393876992,41.8609323144838,0.016528666,0.0368001311256174,0.022749804,15.059278117678684,0.3273473,,,SB1,0.29094884,0.30832815,0.32515162,0.34148216,0.35737124,0.37286165,RS
51,BD+11  3024,4447280172195656576,21.95090029297565,0.0038897404,0.0132271907073486,0.013813658,10.201794168802056,0.10937108,,,SB1,0.14697978,0.15616547,0.16506541,0.17371157,0.18213017,0.19034304,RS
52,TYC 3525-477-1,2115440516209286016,36.356552918279384,0.01036375,0.0303125209464429,0.012832897,22.00764628274477,0.28426826,,,SB1,0.43551666,0.46042806,0.48452693,0.5079058,0.53064024,0.5527933,RS
53,TYC 3927-1130-1,2153356762376955392,8.301089579804927,0.0007831427,0.0215257217396905,0.023918938,35.480038962929335,0.56688005,,,SB1,0.42767328,0.4521924,0.4759125,0.49892452,0.5213029,0.54310936,RS
54,ASAS J063954-2840.8,2918703613650536064,22.25304507202207,0.0072902455,0.0459657919965734,0.046606615,32.19198958099514,0.89398193,,,SB1,0.57506174,0.60666376,0.6372215,0.66685414,0.6956592,0.7237177,SSG
55,V* UX Cnc,584183485754518016,42.64663654440935,0.021059686,0.0356889083146555,0.016761802,29.38341393586556,0.50573623,,,SB1,0.6812497,0.71760285,0.7527465,0.7868186,0.8199323,0.8521814,RS
56,TYC 3796-667-1,936457665445032576,27.840025342170865,0.004532504,0.0286360072782406,0.009301829,25.00386607649517,0.2393537,,,SB1,0.45727527,0.48326552,0.50840604,0.53279364,0.55650747,0.5796133,RS
57,V* IT Com,1441340794896375040,59.09016547357474,0.018808745,0.6036527439346656,0.0061597037,9.817597899616944,0.062281813,,,SB1,0.15787323,0.16770525,0.1772307,0.18648387,0.19549294,0.20428133,SSG
58,ROTSE1 J190253.93+413931.1,2103961443020414080,14.432042699832731,0.0029635786,0.0445107009205917,0.033055373,42.46383948733828,1.0173769,,,SB1,0.6875408,0.7241669,0.759574,0.7939011,0.8272622,0.85975206,SSG
59,HD 126996,6102562629657918720,53.4099552053583,0.012959837,0.0033042532440154,0.010918038,24.539526821795494,0.26599705,,,SB1,0.5916545,0.6240174,0.6553097,0.6856533,0.71514845,0.7438782,RS
60,UCAC4 337-194639,6852177599838326272,32.293788892801516,0.009299656,0.0046867138519556,0.01319554,35.76817227190943,0.46883625,,,SB1,0.78803813,0.82890105,0.86839795,0.9066846,0.9438885,0.9801157,SSG
61,V* DK Dra,1690218825255945216,64.44618698588387,0.016786218,0.0109401654653855,0.0018871861,37.55487842714356,0.12502415,35.95117438067585,0.11479944,SB2,1.0446079,1.1490686,1.2535294,1.3579901,1.462451,1.5669117,RS
62,*  54 Cam,1081565094046074624,11.070120650882863,9.521681e-05,0.0804844350361074,0.0011782917,61.88515599080508,0.15909803,59.535235356315305,0.116256006,SB2,1.0394711,1.1434182,1.2473654,1.3513124,1.4552596,1.5592066,RS
63,BD+06  4654,1736112509320818560,9.20011857886024,0.0004949647,0.0178736421436216,0.011234491,56.14421093402153,0.75631195,58.93599848158294,0.9801765,SB2,0.95263016,1.0478932,1.1431562,1.2384193,1.3336823,1.4289453,RS
64,HD  55002,5491226360654244864,5.538404743234633,7.825966e-05,0.4372870092179035,0.0051699565,31.415652820116048,0.24410719,28.919480713092227,0.2941563,SB2,1.0863146,1.194946,1.3035774,1.4122089,1.5208404,1.6294718,RS
65,*  29 Dra,1655646778064790528,881.5090597960923,6.7330465,0.1059615078121108,0.00987151,,,,,Orbital,0.34271282,0.36286435,0.3823663,0.40129235,0.41970283,0.43764788,SSG
66,V* CZ CVn,1454245453633192576,147.85535773977674,0.1306188,0.8241446401710526,0.023916405,,,,,AstroSpectroSB1,0.5532035,0.5837923,0.613372,0.64205784,0.66994387,0.6971085,SSG
67,UCAC4 784-025277,1642379516712248064,525.5443207320669,10.39111,0.273308835716946,0.12111583,,,,,Orbital,0.24755727,0.26254418,0.27705535,0.29114437,0.30485526,0.31822458,SSG
68,CD-31  1752,4884511622495522688,269.7182345494019,1.5829209,0.641192671385192,0.03016369,,,,,AstroSpectroSB1,0.21174105,0.22470416,0.2372585,0.24945003,0.26131645,0.2728891,RS
69,ASAS J212703-8541.9,6342932295441231104,543.0557430051053,3.088174,0.2481100355983163,0.026238073,,,,,Orbital,0.25845757,0.27405152,0.28914946,0.3038074,0.31807116,0.33197895,RS
70,nan,1817524228596221056,950.250779452051,96.204895,0.0512082332705959,0.051464144,,,,,Orbital,0.63304883,0.6672798,0.70037496,0.73246413,0.7636532,0.79403055,RS
71,ASAS J210323+1930.9,1789396148472412288,10.4411,0.0648,0.0,0.0066,28.866,0.346,,,SB1,0.33517742,0.35552526,0.37524056,0.39439395,0.4130433,0.43123683,SSG
72,BD+ 20 307,97294345128598656,3.4202,0.0007,0.0,0.0,43.2,0.18,46.39,0.18,SB2,0.93123518,1.024358698,1.117482216,1.210605734,1.303729252,1.39685277,
73,BG Psc,96624703892236544,25.366,0.01,0.508,0.007,30.32,0.22,30.03,0.28,SB2,1.00965701,1.110622711,1.211588412,1.312554113,1.413519814,1.514485514,
74,BM CVn,1476446929861764992,20.6252,0.0018,0.0,0.0,11.71,0.21,,,SB1,0.159601063,0.169737861,0.179564685,0.189115927,0.198419839,0.207499966,SSG
75,BPS CS 22950-0027,6876368298759473024,11.7364,0.1499,0.0084,0.0106,26.006,0.157,,,SB1,0.3110646,0.33007476,0.348495,0.3663911,0.383817,0.40081772,SSG
76,CG Tri,326753999413912192,3.1147,0.0492,0.0621,0.0152,39.033,0.572,,,Asymmetric,0.29796243,0.3162369,0.33394486,0.3511494,0.36790237,0.384247,SSG
77,CH Tri,131038391345067520,3.757647078,0.000128218,0.01056926,0.01600273,20.50895888,0.307206899,,,SB1,0.15838276,0.16844502,0.17819963,0.18768074,0.19691636,0.20592988,
78,EZ Peg,2844189676273462400,11.66,0.0,0.0,0.0,24.5,0.0,24.3,0.0,SB2,1.008230453,1.109053498,1.209876543,1.310699588,1.411522634,1.512345679,SSG
79,FN Com,3947234928261838720,5.6661,0.0353,0.0665,0.0062,43.736,0.265,,,Asymmetric,0.42840168,0.4537208,0.47824946,0.50207573,0.52527195,0.5478984,SSG
80,FR Boo,1257818251087117312,1189.18,0.17,0.871,0.003,10.27,0.15,,,SB1,0.277795523,0.2949256,0.311525434,0.327654123,0.343360215,0.358684063,RS
81,FV Cnc,660225916090501376,2.982094,8e-05,0.046977,0.015433,40.850395,0.706845,45.560473,0.838181,SB2,0.896619203,0.986281124,1.075943044,1.165604964,1.255266885,1.344928805,
82,GSC 00563-00384,2703947135653093632,30.9778,1.7557,0.0144,0.0799,14.434,0.132,,,SB1,0.23143186,0.24587601,0.25987497,0.2734783,0.28672665,0.29965392,SSG
83,HD 113714,3737715187928620032,3.6806,0.0,0.0,0.0,76.9,0.4,,,SB1,0.732816279,0.7721861,0.810335279,0.847396851,0.883480847,0.918679237,RS
84,HD 57267,871136882231721600,36.216,0.0006,0.0,0.0,42.79,0.45,,,SB1,0.939618587,0.986780107,1.032509923,1.07695961,1.120255113,1.162502527,RS
85,HR Psc,292071455599507456,3.9324,0.0173,0.0601,0.0073,21.485,0.665,,,Asymmetric,0.16881147,0.17951018,0.18988137,0.1999614,0.20978013,0.21936244,SSG
86,QZ Boo,1401159589135954432,15.7623,0.0736,0.1837,0.0095,32.926,0.156,,,SB1,0.450698,0.47715878,0.50279295,0.5276926,0.55193335,0.57557815,SSG
87,RX J1112.4+3950,765345000140899584,5.2533,0.0779,0.0866,0.0061,51.697,0.669,,,Asymmetric,0.50830597,0.5376323,0.5660419,0.5936366,0.62050015,0.64670235,SSG
88,TYC 3557-919-1,2080444435493307520,11.0283,1.2859,0.3669,0.0116,26.488,0.116,,,SB1 ,0.28592265,0.30351564,0.32056373,0.3371277,0.35325727,0.3689941,SSG
89,TYC 4415-328-1,1647677204253342080,16.8366,0.2256,0.2861,0.0303,12.916,0.177,,,SB1 ,0.15752417,0.16753387,0.17723757,0.1866692,0.19585668,0.20482321,SSG
90,TYC 4422-1970-1,1647104259911614208,5.3512,0.0585,0.0116,0.0052,38.301,0.562,,,SB1 ,0.35918292,0.38084134,0.4018256,0.42221087,0.44205886,0.461421,RS
91,TYC 4667-90-1,2445149040805181440,8.8633,0.0285,0.0102,0.0035,52.493,0.354,,,Asymmetric,0.650578,0.68647105,0.72124565,0.7550249,0.7879102,0.8199863,SSG
92,TYC 583-566-1,2664149423227808256,4.2138,0.0343,0.0853,0.0072,51.961,0.528,,,SB1 ,0.46739933,0.49470335,0.52115417,0.5468467,0.57185906,0.5962562,SSG
93,UCAC2 28842571,2474594645095556224,33.88,5e-05,0.35224,0.00078,46.37,0.1,46.45,0.14,SB2,0.998277718,1.09810549,1.197933262,1.297761033,1.397588805,1.497416577,SSG
94,V498 And,387742126997049728,9.329,0.1323,0.0226,0.0119,30.637,0.25,,,SB1,0.3436673,0.36448103,0.38464746,0.4042388,0.42331424,0.44192323,SSG
